,id,name,source,challenge,DPR,acid,cold,fire,force,lightning,necrotic,poison,psychic,radiant,thunder,bludgeoning,piercing,slashing,CR,version
0,17217-banderhobb,Banderhobb,VGtM,5,22.5,0.0,0.0,0.0,0.0,0.0,21.0,0.0,0.0,0.0,0.0,0.0,22.5,0.0,5.0,old
1,17218-barghest,Barghest,VGtM,4,13.0,0.0,0.0,0.0,0.0,0.0,0.0,0.0,0.0,0.0,0.0,0.0,13.0,8.5,4.0,old
2,17219-death-kiss,Death Kiss,VGtM,10,43.5,0.0,0.0,0.0,0.0,0.0,0.0,0.0,0.0,0.0,0.0,0.0,58.0,0.0,10.0,old
3,17220-gauth,Gauth,VGtM,6,9.0,0.0,0.0,0.0,0.0,0.0,0.0,0.0,0.0,0.0,0.0,0.0,9.0,0.0,6.0,old
4,17221-gazer,Gazer,VGtM,1/2,1.0,0.0,0.0,0.0,0.0,0.0,0.0,0.0,0.0,0.0,0.0,0.0,1.0,0.0,0.5,old
5,17223-bodak,Bodak,VGtM,6,22.0,0.0,0.0,0.0,0.0,0.0,31.0,0.0,0.0,0.0,0.0,4.5,0.0,0.0,6.0,old
6,2556122-boggle,Boggle,VGtM,1/8,2.5,0.0,0.0,0.0,0.0,0.0,0.0,0.0,0.0,0.0,0.0,2.5,0.0,0.0,0.125,old
7,17225-catoblepas,Catoblepas,VGtM,5,21.5,0.0,0.0,0.0,0.0,0.0,0.0,0.0,0.0,0.0,0.0,21.5,0.0,0.0,5.0,old
8,17226-cave-fisher,Cave Fisher,VGtM,3,20.0,0.0,0.0,0.0,0.0,0.0,0.0,0.0,0.0,0.0,0.0,0.0,0.0,30.0,3.0,old
9,17227-chitine,Chitine,VGtM,1/2,13.5,0.0,0.0,0.0,0.0,0.0,0.0,0.0,0.0,0.0,0.0,0.0,18.0,0.0,0.5,old
10,17228-choldrith,Choldrith,VGtM,3,16.0,0.0,0.0,0.0,0.0,0.0,0.0,10.5,0.0,0.0,0.0,0.0,5.5,0.0,3.0,old
11,17229-cranium-rat,Cranium Rat,VGtM,0,1.0,0.0,0.0,0.0,0.0,0.0,0.0,0.0,0.0,0.0,0.0,0.0,1.0,0.0,0.0,old
12,17230-swarm-of-cranium-rats,Swarm of Cranium Rats,VGtM,5,14.0,0.0,0.0,0.0,0.0,0.0,0.0,0.0,0.0,0.0,0.0,0.0,14.0,0.0,5.0,old
13,2557737-darkling,Darkling,VGtM,1/2,12.5,0.0,0.0,0.0,0.0,0.0,0.0,0.0,0.0,0.0,0.0,0.0,12.5,0.0,0.5,old
14,2557774-darkling-elder,Darkling Elder,VGtM,2,17.0,0.0,0.0,0.0,0.0,0.0,0.0,0.0,0.0,0.0,0.0,0.0,17.0,0.0,2.0,old
15,17233-deep-scion,Deep Scion,VGtM,3,21.5,0.0,0.0,0.0,0.0,0.0,0.0,0.0,0.0,0.0,0.0,0.0,13.0,32.0,3.0,old
16,17234-babau,Babau,VGtM,4,8.5,0.0,0.0,0.0,0.0,0.0,0.0,0.0,0.0,0.0,0.0,0.0,8.5,8.5,4.0,old
17,17235-maw-demon,Maw Demon,VGtM,1,11.0,0.0,0.0,0.0,0.0,0.0,0.0,0.0,0.0,0.0,0.0,0.0,11.0,0.0,1.0,old
18,17236-shoosuva,Shoosuva,VGtM,8,39.0,0.0,0.0,0.0,0.0,0.0,0.0,0.0,0.0,0.0,0.0,0.0,78.0,0.0,8.0,old
19,17237-devourer,Devourer,VGtM,13,44.0,0.0,0.0,0.0,0.0,0.0,65.0,0.0,0.0,0.0,0.0,0.0,0.0,12.0,13.0,old
20,17239-brontosaurus,Brontosaurus,VGtM,5,32.0,0.0,0.0,0.0,0.0,0.0,0.0,0.0,0.0,0.0,0.0,59.5,0.0,0.0,5.0,old
21,17240-deinonychus,Deinonychus,VGtM,1,19.5,0.0,0.0,0.0,0.0,0.0,0.0,0.0,0.0,0.0,0.0,0.0,13.0,19.5,1.0,old
22,17238-dimetrodon,Dimetrodon,VGtM,1/4,9.0,0.0,0.0,0.0,0.0,0.0,0.0,0.0,0.0,0.0,0.0,0.0,9.0,0.0,0.25,old
23,17241-hadrosaurus,Hadrosaurus,VGtM,1/4,7.5,0.0,0.0,0.0,0.0,0.0,0.0,0.0,0.0,0.0,0.0,7.5,0.0,0.0,0.25,old
24,17242-quetzalcoatlus,Quetzalcoatlus,VGtM,2,12.5,0.0,0.0,0.0,0.0,0.0,0.0,0.0,0.0,0.0,0.0,0.0,12.5,0.0,2.0,old
25,17244-stegosaurus,Stegosaurus,VGtM,4,26.0,0.0,0.0,0.0,0.0,0.0,0.0,0.0,0.0,0.0,0.0,0.0,26.0,0.0,4.0,old
26,17243-velociraptor,Velociraptor,VGtM,1/4,10.0,0.0,0.0,0.0,0.0,0.0,0.0,0.0,0.0,0.0,0.0,0.0,11.0,9.0,0.25,old
27,17245-draegloth,Draegloth,VGtM,7,48.0,0.0,0.0,0.0,0.0,0.0,0.0,0.0,0.0,0.0,0.0,0.0,32.0,48.0,7.0,old
28,17246-firenewt-warrior,Firenewt Warrior,VGtM,1/2,9.0,0.0,0.0,9.0,0.0,0.0,0.0,0.0,0.0,0.0,0.0,0.0,0.0,13.5,0.5,old
29,17247-giant-strider,Giant Strider,VGtM,1,14.0,0.0,0.0,14.0,0.0,0.0,0.0,0.0,0.0,0.0,0.0,0.0,8.5,0.0,1.0,old
30,17248-firenewt-warlock-of-imix,Firenewt Warlock of Imix,VGtM,1,5.5,0.0,0.0,0.0,0.0,0.0,0.0,0.0,0.0,0.0,0.0,0.0,5.5,0.0,1.0,old
31,17249-flail-snail,Flail Snail,VGtM,3,6.5,0.0,0.0,0.0,0.0,0.0,0.0,0.0,0.0,0.0,0.0,13.0,0.0,0.0,3.0,old
32,17250-froghemoth,Froghemoth,VGtM,10,72.0,21.0,0.0,0.0,0.0,0.0,0.0,0.0,0.0,0.0,0.0,58.5,45.0,0.0,10.0,old
33,17251-cloud-giant-smiling-one,Cloud Giant Smiling One,VGtM,11,71.0,0.0,0.0,0.0,0.0,0.0,0.0,0.0,0.0,0.0,0.0,94.5,0.0,0.0,11.0,old
34,17252-fire-giant-dreadnought,Fire Giant Dreadnought,VGtM,14,72.0,0.0,0.0,21.0,0.0,0.0,0.0,0.0,0.0,0.0,0.0,125.0,21.0,0.0,14.0,old
35,17254-mouth-of-grolantor,Mouth of Grolantor,VGtM,6,18.5,0.0,0.0,0.0,0.0,0.0,0.0,0.0,0.0,0.0,0.0,18.5,15.5,0.0,6.0,old
36,17255-stone-giant-dreamwalker,Stone Giant Dreamwalker,VGtM,10,39.0,0.0,0.0,0.0,0.0,0.0,0.0,0.0,0.0,0.0,0.0,86.5,0.0,0.0,10.0,old
37,17256-storm-giant-quintessent,Storm Giant Quintessent,VGtM,16,81.0,0.0,0.0,0.0,0.0,121.5,0.0,0.0,0.0,0.0,0.0,0.0,19.5,0.0,16.0,old
38,17257-girallon,Girallon,VGtM,4,37.5,0.0,0.0,0.0,0.0,0.0,0.0,0.0,0.0,0.0,0.0,0.0,15.0,37.5,4.0,old
39,17258-flind,Flind,VGtM,9,32.5,0.0,0.0,0.0,0.0,0.0,0.0,0.0,22.0,0.0,0.0,31.5,18.0,0.0,9.0,old
40,17259-gnoll-flesh-gnawer,Gnoll Flesh Gnawer,VGtM,1,15.5,0.0,0.0,0.0,0.0,0.0,0.0,0.0,0.0,0.0,0.0,0.0,25.5,0.0,1.0,old
41,17260-gnoll-hunter,Gnoll Hunter,VGtM,1/2,13.0,0.0,0.0,0.0,0.0,0.0,0.0,0.0,0.0,0.0,0.0,0.0,30.5,0.0,0.5,old
42,17261-gnoll-witherling,Gnoll Witherling,VGtM,1/4,9.0,0.0,0.0,0.0,0.0,0.0,0.0,0.0,0.0,0.0,0.0,9.0,9.0,0.0,0.25,old
43,17262-grung,Grung,VGtM,1/4,9.5,0.0,0.0,0.0,0.0,0.0,0.0,5.0,0.0,0.0,0.0,0.0,4.5,0.0,0.25,old
44,17263-grung-elite-warrior,Grung Elite Warrior,VGtM,2,11.5,0.0,0.0,0.0,0.0,0.0,0.0,10.0,0.0,0.0,0.0,0.0,12.0,0.0,2.0,old
45,17264-grung-wildling,Grung Wildling,VGtM,1,11.5,0.0,0.0,0.0,0.0,0.0,0.0,10.0,0.0,0.0,0.0,0.0,12.0,0.0,1.0,old
46,17265-guard-drake,Guard Drake,VGtM,2,14.0,0.0,0.0,0.0,0.0,0.0,0.0,0.0,0.0,0.0,0.0,13.0,15.0,0.0,2.0,old
47,17271-annis-hag,Annis Hag,VGtM,6,73.0,0.0,0.0,0.0,0.0,0.0,0.0,0.0,0.0,0.0,0.0,73.0,31.0,46.5,6.0,old
48,17272-bheur-hag,Bheur Hag,VGtM,7,13.5,0.0,3.5,0.0,0.0,0.0,0.0,0.0,0.0,0.0,0.0,10.0,0.0,0.0,7.0,old
49,17273-hobgoblin-devastator,Hobgoblin Devastator,VGtM,4,5.5,0.0,0.0,0.0,0.0,0.0,0.0,0.0,0.0,0.0,0.0,5.5,0.0,0.0,4.0,old
50,17274-hobgoblin-iron-shadow,Hobgoblin Iron Shadow,VGtM,2,22.0,0.0,0.0,0.0,0.0,0.0,0.0,0.0,0.0,0.0,0.0,27.5,5.5,0.0,2.0,old
51,17275-ki-rin,Ki-rin,VGtM,12,14.0,0.0,0.0,0.0,0.0,0.0,0.0,0.0,0.0,0.0,0.0,10.0,14.0,0.0,12.0,old
52,17276-kobold-dragonshield,Kobold Dragonshield,VGtM,1,5.5,0.0,0.0,0.0,0.0,0.0,0.0,0.0,0.0,0.0,0.0,0.0,5.5,0.0,1.0,old
53,17277-kobold-inventor,Kobold Inventor,VGtM,1/4,4.5,0.0,0.0,0.0,0.0,0.0,0.0,0.0,0.0,0.0,0.0,4.5,4.5,0.0,0.25,old
54,17278-kobold-scale-sorcerer,Kobold Scale Sorcerer,VGtM,1,4.5,0.0,0.0,0.0,0.0,0.0,0.0,0.0,0.0,0.0,0.0,0.0,4.5,0.0,1.0,old
55,2556204-korred,Korred,VGtM,7,48.0,0.0,0.0,0.0,0.0,0.0,0.0,0.0,0.0,0.0,0.0,91.5,0.0,0.0,7.0,old
56,17280-leucrotta,Leucrotta,VGtM,3,19.5,0.0,0.0,0.0,0.0,0.0,0.0,0.0,0.0,0.0,0.0,22.0,17.0,0.0,3.0,old
57,17281-meenlock,Meenlock,VGtM,2,7.0,0.0,0.0,0.0,0.0,0.0,0.0,0.0,0.0,0.0,0.0,0.0,0.0,7.0,2.0,old
58,17282-alhoon,Alhoon,VGtM,10,22.0,0.0,10.5,0.0,0.0,0.0,0.0,0.0,22.0,0.0,0.0,0.0,0.0,0.0,10.0,old
59,17284-elder-brain,Elder Brain,VGtM,14,32.5,0.0,0.0,0.0,0.0,0.0,0.0,0.0,42.0,0.0,0.0,20.0,0.0,0.0,14.0,old
60,17285-ulitharid,Ulitharid,VGtM,9,55.0,0.0,0.0,0.0,0.0,0.0,0.0,0.0,58.0,0.0,0.0,0.0,55.0,0.0,9.0,old
61,17286-mindwitness,Mindwitness,VGtM,5,36.0,0.0,0.0,0.0,0.0,0.0,0.0,0.0,67.0,0.0,0.0,0.0,32.0,0.0,5.0,old
62,17287-morkoth,Morkoth,VGtM,11,49.0,0.0,0.0,0.0,0.0,0.0,0.0,0.0,0.0,0.0,0.0,62.0,0.0,27.0,11.0,old
63,17288-neogi-hatchling,Neogi Hatchling,VGtM,1/8,10.5,0.0,0.0,0.0,0.0,0.0,0.0,7.0,0.0,0.0,0.0,0.0,3.5,0.0,0.125,old
64,17289-neogi,Neogi,VGtM,3,28.5,0.0,0.0,0.0,0.0,0.0,0.0,28.0,0.0,0.0,0.0,0.0,13.0,16.0,3.0,old
65,17290-neogi-master,Neogi Master,VGtM,4,28.5,0.0,0.0,0.0,0.0,0.0,0.0,28.0,0.0,0.0,0.0,0.0,29.0,0.0,4.0,old
66,17291-neothelid,Neothelid,VGtM,13,70.0,70.0,0.0,0.0,0.0,0.0,0.0,0.0,13.5,0.0,0.0,21.5,0.0,0.0,13.0,old
67,17292-nilbog,Nilbog,VGtM,1,5.5,0.0,0.0,0.0,0.0,0.0,0.0,0.0,0.0,0.0,0.0,5.5,5.5,0.0,1.0,old
68,17293-orc-blade-of-ilneval,Orc Blade of Ilneval,VGtM,4,28.0,0.0,0.0,0.0,0.0,0.0,0.0,0.0,0.0,0.0,0.0,0.0,6.5,42.0,4.0,old
69,17294-orc-claw-of-luthic,Orc Claw of Luthic,VGtM,2,26.0,0.0,0.0,0.0,0.0,0.0,0.0,0.0,0.0,0.0,0.0,0.0,0.0,32.5,2.0,old
70,17295-orc-hand-of-yurtrus,Orc Hand of Yurtrus,VGtM,2,9.0,0.0,0.0,0.0,0.0,0.0,9.0,0.0,0.0,0.0,0.0,0.0,0.0,0.0,2.0,old
71,17296-orc-nurtured-one-of-yurtrus,Orc Nurtured One of Yurtrus,VGtM,1/2,7.0,0.0,0.0,0.0,0.0,0.0,2.5,0.0,0.0,0.0,0.0,0.0,0.0,4.5,0.5,old
72,17297-orc-red-fang-of-shargaas,Orc Red Fang of Shargaas,VGtM,3,27.0,0.0,0.0,0.0,0.0,0.0,0.0,0.0,0.0,0.0,0.0,0.0,10.5,40.5,3.0,old
73,17298-tanarukk,Tanarukk,VGtM,5,19.5,0.0,0.0,0.0,0.0,0.0,0.0,0.0,0.0,0.0,0.0,0.0,17.0,22.0,5.0,old
74,2556176-quickling,Quickling,VGtM,1,25.5,0.0,0.0,0.0,0.0,0.0,0.0,0.0,0.0,0.0,0.0,0.0,34.0,0.0,1.0,old
75,2556141-redcap,Redcap,VGtM,3,21.0,0.0,0.0,0.0,0.0,0.0,0.0,0.0,0.0,0.0,0.0,20.5,0.0,28.0,3.0,old
76,17301-sea-spawn,Sea Spawn,VGtM,1,4.5,0.0,0.0,0.0,0.0,0.0,0.0,0.0,0.0,0.0,0.0,4.5,0.0,0.0,1.0,old
77,17302-shadow-mastiff,Shadow Mastiff,VGtM,2,10.0,0.0,0.0,0.0,0.0,0.0,0.0,0.0,0.0,0.0,0.0,0.0,10.0,0.0,2.0,old
78,17303-slithering-tracker,Slithering Tracker,VGtM,3,16.5,0.0,0.0,0.0,0.0,0.0,16.5,0.0,0.0,0.0,0.0,8.5,0.0,0.0,3.0,old
79,17304-spawn-of-kyuss,Spawn of Kyuss,VGtM,5,13.5,0.0,0.0,0.0,0.0,0.0,7.0,0.0,0.0,0.0,0.0,0.0,0.0,6.5,5.0,old
80,17305-tlincalli,Tlincalli,VGtM,5,29.0,0.0,0.0,0.0,0.0,0.0,0.0,28.0,0.0,0.0,0.0,0.0,19.5,17.0,5.0,old
81,17306-trapper,Trapper,VGtM,3,20.5,3.5,0.0,0.0,0.0,0.0,0.0,0.0,0.0,0.0,0.0,17.0,0.0,0.0,3.0,old
82,17307-vargouille,Vargouille,VGtM,1,16.0,0.0,0.0,0.0,0.0,0.0,0.0,10.5,0.0,0.0,0.0,0.0,5.5,0.0,1.0,old
83,17308-vegepygmy,Vegepygmy,VGtM,1/4,5.5,0.0,0.0,0.0,0.0,0.0,0.0,0.0,0.0,0.0,0.0,4.5,0.0,5.5,0.25,old
84,17310-thorny,Thorny,VGtM,1,8.0,0.0,0.0,0.0,0.0,0.0,0.0,0.0,0.0,0.0,0.0,0.0,8.0,0.0,1.0,old
85,17309-vegepygmy-chief,Vegepygmy Chief,VGtM,2,13.0,0.0,0.0,0.0,0.0,0.0,0.0,9.0,0.0,0.0,0.0,0.0,19.5,5.5,2.0,old
86,17311-wood-woad,Wood Woad,VGtM,5,28.0,0.0,0.0,0.0,0.0,0.0,0.0,0.0,0.0,0.0,0.0,42.0,0.0,0.0,5.0,old
87,17312-xvart,Xvart,VGtM,1/8,5.5,0.0,0.0,0.0,0.0,0.0,0.0,0.0,0.0,0.0,0.0,4.5,5.5,0.0,0.125,old
88,17313-xvart-warlock-of-raxivort,Xvart Warlock of Raxivort,VGtM,1,5.5,0.0,0.0,0.0,0.0,0.0,0.0,0.0,0.0,0.0,0.0,0.0,0.0,5.5,1.0,old
89,17314-yeth-hound,Yeth Hound,VGtM,4,25.0,0.0,0.0,0.0,0.0,0.0,0.0,0.0,14.0,0.0,0.0,0.0,11.0,0.0,4.0,old
90,17315-yuan-ti-anathema,Yuan-ti Anathema,VGtM,12,114.0,28.0,0.0,0.0,0.0,0.0,0.0,28.0,0.0,0.0,0.0,66.0,54.0,39.0,12.0,old
91,17316-yuan-ti-broodguard,Yuan-ti Broodguard,VGtM,2,17.5,0.0,0.0,0.0,0.0,0.0,0.0,0.0,0.0,0.0,0.0,0.0,13.0,16.5,2.0,old
92,17317-yuan-ti-mind-whisperer,Yuan-ti Mind Whisperer,VGtM,4,19.0,0.0,0.0,0.0,0.0,0.0,0.0,14.0,0.0,0.0,0.0,0.0,11.0,13.0,4.0,old
93,17318-yuan-ti-nightmare-speaker,Yuan-ti Nightmare Speaker,VGtM,4,16.5,0.0,0.0,0.0,0.0,0.0,0.0,0.0,0.0,0.0,0.0,20.0,0.0,13.0,4.0,old
94,17319-yuan-ti-pit-master,Yuan-ti Pit Master,VGtM,5,12.5,0.0,0.0,0.0,0.0,0.0,0.0,7.0,0.0,0.0,0.0,0.0,5.5,0.0,5.0,old
95,17320-aurochs,Aurochs,VGtM,2,14.0,0.0,0.0,0.0,0.0,0.0,0.0,0.0,0.0,0.0,0.0,0.0,14.0,0.0,2.0,old
96,17321-cow,Cow,VGtM,1/4,7.5,0.0,0.0,0.0,0.0,0.0,0.0,0.0,0.0,0.0,0.0,0.0,7.5,0.0,0.25,old
97,17322-dolphin,Dolphin,VGtM,1/8,5.5,0.0,0.0,0.0,0.0,0.0,0.0,0.0,0.0,0.0,0.0,5.5,0.0,0.0,0.125,old
98,17323-swarm-of-rot-grubs,Swarm of Rot Grubs,VGtM,1/2,0.0,0.0,0.0,0.0,0.0,0.0,0.0,0.0,0.0,0.0,0.0,0.0,0.0,0.0,0.5,old
99,17324-abjurer,Abjurer,VGtM,9,3.5,0.0,0.0,0.0,0.0,0.0,0.0,0.0,0.0,0.0,0.0,3.5,0.0,0.0,9.0,old
100,17325-apprentice-wizard,Apprentice Wizard,VGtM,1/4,2.5,0.0,0.0,0.0,0.0,0.0,0.0,0.0,0.0,0.0,0.0,0.0,2.5,0.0,0.25,old
101,17326-archdruid,Archdruid,VGtM,12,5.5,0.0,0.0,0.0,0.0,0.0,0.0,0.0,0.0,0.0,0.0,0.0,0.0,5.5,12.0,old
102,17327-archer,Archer,VGtM,3,17.0,0.0,0.0,0.0,0.0,0.0,0.0,0.0,0.0,0.0,0.0,0.0,33.0,0.0,3.0,old
103,17328-bard,Bard,VGtM,2,5.5,0.0,0.0,0.0,0.0,0.0,0.0,0.0,0.0,0.0,0.0,0.0,11.0,0.0,2.0,old
104,17329-blackguard,Blackguard,VGtM,8,28.5,0.0,0.0,0.0,0.0,0.0,0.0,0.0,0.0,0.0,0.0,0.0,5.5,38.0,8.0,old
105,17330-champion,Champion,VGtM,9,57.0,0.0,0.0,0.0,0.0,0.0,0.0,0.0,0.0,0.0,0.0,0.0,12.5,76.0,9.0,old
106,17331-conjurer,Conjurer,VGtM,6,4.5,0.0,0.0,0.0,0.0,0.0,0.0,0.0,0.0,0.0,0.0,0.0,4.5,0.0,6.0,old
107,17332-diviner,Diviner,VGtM,8,3.5,0.0,0.0,0.0,0.0,0.0,0.0,0.0,0.0,0.0,0.0,3.5,0.0,0.0,8.0,old
108,17333-enchanter,Enchanter,VGtM,5,3.5,0.0,0.0,0.0,0.0,0.0,0.0,0.0,0.0,0.0,0.0,3.5,0.0,0.0,5.0,old
109,17334-evoker,Evoker,VGtM,9,3.5,0.0,0.0,0.0,0.0,0.0,0.0,0.0,0.0,0.0,0.0,3.5,0.0,0.0,9.0,old
110,17335-illusionist,Illusionist,VGtM,3,3.5,0.0,0.0,0.0,0.0,0.0,0.0,0.0,0.0,0.0,0.0,3.5,0.0,0.0,3.0,old
111,17336-kraken-priest,Kraken Priest,VGtM,5,27.5,0.0,0.0,0.0,0.0,0.0,0.0,0.0,0.0,0.0,27.5,0.0,0.0,0.0,5.0,old
112,17337-martial-arts-adept,Martial Arts Adept,VGtM,3,22.5,0.0,0.0,0.0,0.0,0.0,0.0,0.0,0.0,0.0,0.0,30.0,5.5,0.0,3.0,old
113,17338-master-thief,Master Thief,VGtM,5,22.5,0.0,0.0,0.0,0.0,0.0,0.0,0.0,0.0,0.0,0.0,0.0,38.5,0.0,5.0,old
114,17339-necromancer,Necromancer,VGtM,9,5.0,0.0,0.0,0.0,0.0,0.0,5.0,0.0,0.0,0.0,0.0,0.0,0.0,0.0,9.0,old
115,17340-swashbuckler,Swashbuckler,VGtM,3,23.5,0.0,0.0,0.0,0.0,0.0,0.0,0.0,0.0,0.0,0.0,0.0,38.5,0.0,3.0,old
116,17341-transmuter,Transmuter,VGtM,5,3.5,0.0,0.0,0.0,0.0,0.0,0.0,0.0,0.0,0.0,0.0,3.5,0.0,0.0,5.0,old
117,17342-war-priest,War Priest,VGtM,9,10.0,0.0,0.0,0.0,0.0,0.0,0.0,0.0,0.0,0.0,0.0,10.0,0.0,0.0,9.0,old
118,17343-warlock-of-the-archfey,Warlock of the Archfey,VGtM,4,4.5,0.0,0.0,0.0,0.0,0.0,0.0,0.0,0.0,0.0,0.0,0.0,4.5,0.0,4.0,old
119,17344-warlock-of-the-fiend,Warlock of the Fiend,VGtM,7,14.0,0.0,0.0,10.5,0.0,0.0,0.0,0.0,0.0,0.0,0.0,3.5,0.0,0.0,7.0,old
120,17345-warlock-of-the-great-old-one,Warlock of the Great Old One,VGtM,6,4.5,0.0,0.0,0.0,0.0,0.0,0.0,0.0,0.0,0.0,0.0,0.0,4.5,0.0,6.0,old
121,17346-warlord,Warlord,VGtM,12,12.0,0.0,0.0,0.0,0.0,0.0,0.0,0.0,0.0,0.0,0.0,0.0,6.5,12.0,12.0,old
122,36902-tortle,Tortle,MToF,1/4,6.5,0.0,0.0,0.0,0.0,0.0,0.0,0.0,0.0,0.0,0.0,6.5,4.5,4.5,0.25,old
123,36903-tortle-druid,Tortle Druid,MToF,2,6.5,0.0,0.0,0.0,0.0,0.0,0.0,0.0,0.0,0.0,0.0,6.5,0.0,4.5,2.0,old
124,93770-allip,Allip,MToF,5,17.0,0.0,0.0,0.0,0.0,0.0,0.0,0.0,17.0,0.0,0.0,0.0,0.0,0.0,5.0,old
125,93789-astral-dreadnought,Astral Dreadnought,MToF,21,75.5,0.0,0.0,0.0,131.5,0.0,0.0,0.0,0.0,0.0,0.0,0.0,0.0,0.0,21.0,old
126,93804-balhannoth,Balhannoth,MToF,11,45.0,0.0,0.0,0.0,0.0,0.0,0.0,0.0,0.0,0.0,0.0,30.0,50.0,0.0,11.0,old
127,93812-berbalang,Berbalang,MToF,2,16.5,0.0,0.0,0.0,0.0,0.0,0.0,0.0,0.0,0.0,0.0,0.0,17.0,16.0,2.0,old
128,93813-boneclaw,Boneclaw,MToF,12,41.0,0.0,0.0,0.0,0.0,0.0,34.5,0.0,0.0,0.0,0.0,0.0,61.5,0.0,12.0,old
129,93826-cadaver-collector,Cadaver Collector,MToF,14,70.0,0.0,0.0,0.0,0.0,0.0,49.5,0.0,0.0,0.0,0.0,55.5,0.0,0.0,14.0,old
130,22369-choker,Choker,MToF,1,18.0,0.0,0.0,0.0,0.0,0.0,0.0,0.0,0.0,0.0,0.0,16.5,10.5,0.0,1.0,old
131,93832-bronze-scout,Bronze Scout,MToF,1,14.0,0.0,0.0,0.0,0.0,17.5,0.0,0.0,0.0,0.0,0.0,0.0,5.5,0.0,1.0,old
132,93842-iron-cobra,Iron Cobra,MToF,4,6.5,0.0,0.0,0.0,0.0,0.0,0.0,0.0,0.0,0.0,0.0,0.0,6.5,0.0,4.0,old
133,93849-oaken-bolter,Oaken Bolter,MToF,5,30.0,0.0,0.0,17.5,0.0,0.0,0.0,0.0,0.0,0.0,0.0,0.0,45.0,0.0,5.0,old
134,93871-stone-defender,Stone Defender,MToF,4,11.0,0.0,0.0,0.0,0.0,0.0,0.0,0.0,0.0,0.0,0.0,11.0,0.0,0.0,4.0,old
135,94136-corpse-flower,Corpse Flower,MToF,8,69.0,0.0,0.0,0.0,0.0,0.0,0.0,56.0,0.0,0.0,0.0,36.0,0.0,0.0,8.0,old
136,94138-deathlock,Deathlock,MToF,4,9.0,0.0,0.0,0.0,0.0,0.0,9.0,0.0,0.0,0.0,0.0,0.0,0.0,0.0,4.0,old
137,94144-deathlock-mastermind,Deathlock Mastermind,MToF,8,18.0,0.0,0.0,0.0,0.0,0.0,21.0,0.0,0.0,0.0,0.0,0.0,0.0,0.0,8.0,old
138,22371-deathlock-wight,Deathlock Wight,MToF,3,15.0,0.0,0.0,0.0,0.0,0.0,22.5,0.0,0.0,0.0,0.0,0.0,0.0,0.0,3.0,old
139,94158-alkilith,Alkilith,MToF,11,54.0,72.0,0.0,0.0,0.0,0.0,0.0,0.0,0.0,0.0,0.0,0.0,0.0,0.0,11.0,old
140,94186-armanite,Armanite,MToF,7,38.0,0.0,0.0,0.0,0.0,27.0,0.0,0.0,0.0,0.0,0.0,24.0,0.0,52.0,7.0,old
141,94204-bulezau,Bulezau,MToF,3,8.5,0.0,0.0,0.0,0.0,0.0,0.0,0.0,0.0,0.0,0.0,0.0,8.5,0.0,3.0,old
142,94219-dybbuk,Dybbuk,MToF,4,13.0,0.0,0.0,0.0,0.0,0.0,13.0,0.0,0.0,0.0,0.0,0.0,0.0,0.0,4.0,old
143,94234-maurezhi,Maurezhi,MToF,7,26.0,0.0,0.0,0.0,0.0,0.0,0.0,0.0,0.0,0.0,0.0,0.0,28.0,24.0,7.0,old
144,94254-molydeus,Molydeus,MToF,21,56.5,0.0,0.0,0.0,0.0,0.0,0.0,0.0,0.0,0.0,0.0,0.0,57.0,56.0,21.0,old
145,94266-nabassu,Nabassu,MToF,15,49.0,0.0,0.0,0.0,0.0,0.0,0.0,0.0,0.0,0.0,0.0,0.0,64.0,34.0,15.0,old
146,94272-rutterkin,Rutterkin,MToF,2,12.5,0.0,0.0,0.0,0.0,0.0,0.0,0.0,0.0,0.0,0.0,0.0,12.5,0.0,2.0,old
147,94512-sibriex,Sibriex,MToF,18,95.0,79.0,0.0,0.0,0.0,0.0,0.0,0.0,0.0,0.0,0.0,0.0,89.0,0.0,18.0,old
148,94518-wastrilith,Wastrilith,MToF,13,66.0,0.0,0.0,0.0,0.0,0.0,0.0,0.0,0.0,0.0,0.0,0.0,60.0,54.0,13.0,old
149,17408-baphomet,Baphomet,MToF,23,57.0,0.0,0.0,0.0,0.0,0.0,0.0,0.0,0.0,0.0,0.0,0.0,72.0,42.0,23.0,old
150,17409-demogorgon,Demogorgon,MToF,26,57.0,0.0,0.0,0.0,0.0,0.0,0.0,0.0,0.0,0.0,0.0,85.5,0.0,0.0,26.0,old
151,17412-fraz-urbluu,Fraz-Urb’luu,MToF,23,64.5,0.0,0.0,0.0,0.0,0.0,0.0,0.0,0.0,0.0,0.0,67.5,39.0,0.0,23.0,old
152,17415-grazzt,Graz’zt,MToF,24,61.0,31.5,0.0,0.0,0.0,0.0,0.0,0.0,0.0,0.0,0.0,0.0,0.0,60.0,24.0,old
153,17416-juiblex,Juiblex,MToF,23,63.0,84.0,0.0,0.0,0.0,0.0,0.0,0.0,0.0,0.0,0.0,0.0,0.0,0.0,23.0,old
154,17417-orcus,Orcus,MToF,26,30.5,0.0,0.0,0.0,0.0,0.0,0.0,9.0,0.0,0.0,0.0,0.0,21.5,0.0,26.0,old
155,17418-yeenoghu,Yeenoghu,MToF,24,0.0,0.0,0.0,0.0,0.0,0.0,0.0,0.0,0.0,0.0,0.0,0.0,0.0,0.0,24.0,old
156,17419-zuggtmoy,Zuggtmoy,MToF,23,96.0,0.0,0.0,0.0,0.0,0.0,0.0,45.0,0.0,0.0,0.0,75.0,0.0,0.0,23.0,old
157,17378-derro,Derro,MToF,1/4,6.5,0.0,0.0,0.0,0.0,0.0,0.0,0.0,0.0,0.0,0.0,0.0,10.0,0.0,0.25,old
158,17379-derro-savant,Derro Savant,MToF,3,2.5,0.0,0.0,0.0,0.0,0.0,0.0,0.0,0.0,0.0,0.0,2.5,0.0,0.0,3.0,old
159,94536-black-abishai,Black Abishai,MToF,7,30.5,18.0,0.0,0.0,0.0,0.0,0.0,0.0,0.0,0.0,0.0,0.0,17.0,19.5,7.0,old
160,94561-blue-abishai,Blue Abishai,MToF,17,33.5,0.0,0.0,0.0,0.0,28.0,0.0,0.0,0.0,0.0,0.0,13.0,26.0,0.0,17.0,old
161,94566-green-abishai,Green Abishai,MToF,15,29.5,0.0,0.0,0.0,0.0,0.0,0.0,22.0,0.0,0.0,0.0,0.0,24.0,13.0,15.0,old
162,94605-red-abishai,Red Abishai,MToF,19,88.5,0.0,0.0,77.0,0.0,0.0,0.0,0.0,0.0,0.0,0.0,0.0,66.0,34.0,19.0,old
163,94636-white-abishai,White Abishai,MToF,6,17.0,0.0,3.5,0.0,0.0,0.0,0.0,0.0,0.0,0.0,0.0,0.0,5.5,34.0,6.0,old
164,94669-amnizu,Amnizu,MToF,18,113.0,0.0,0.0,0.0,66.0,0.0,140.0,0.0,0.0,0.0,0.0,0.0,0.0,20.0,18.0,old
165,94967-hellfire-engine,Hellfire Engine,MToF,16,43.5,27.0,0.0,16.5,0.0,0.0,0.0,0.0,0.0,0.0,13.0,27.5,0.0,0.0,16.0,old
166,95021-merregon,Merregon,MToF,4,28.5,0.0,0.0,0.0,0.0,0.0,0.0,0.0,0.0,0.0,0.0,0.0,7.5,38.0,4.0,old
167,95077-narzugon,Narzugon,MToF,13,84.0,0.0,0.0,66.0,0.0,0.0,0.0,0.0,0.0,0.0,0.0,0.0,46.0,0.0,13.0,old
168,95089-nupperibo,Nupperibo,MToF,1/2,6.5,0.0,0.0,0.0,0.0,0.0,0.0,0.0,0.0,0.0,0.0,0.0,6.5,0.0,0.5,old
169,95094-orthon,Orthon,MToF,10,31.5,17.5,0.0,0.0,0.0,0.0,0.0,0.0,0.0,0.0,0.0,0.0,14.0,0.0,10.0,old
170,95107-bael,Bael,MToF,19,29.5,0.0,0.0,0.0,0.0,0.0,13.5,0.0,0.0,0.0,0.0,0.0,16.0,0.0,19.0,old
171,96076-geryon,GERYON,MToF,22,77.0,0.0,0.0,0.0,0.0,0.0,0.0,26.0,0.0,0.0,0.0,0.0,28.0,100.0,22.0,old
172,96080-hutijin,Hutijin,MToF,21,19.0,0.0,0.0,0.0,0.0,0.0,0.0,0.0,0.0,0.0,0.0,34.0,0.0,17.0,21.0,old
173,96092-moloch,Moloch,MToF,21,67.0,0.0,0.0,0.0,0.0,22.0,0.0,0.0,27.5,0.0,0.0,0.0,52.0,60.0,21.0,old
174,96133-titivilus,Titivilus,MToF,16,26.0,0.0,0.0,0.0,0.0,0.0,16.5,0.0,0.0,0.0,0.0,0.0,0.0,9.5,16.0,old
175,96138-zariel,Zariel,MToF,26,110.0,0.0,0.0,144.0,0.0,0.0,44.0,0.0,0.0,0.0,0.0,0.0,15.0,57.0,26.0,old
176,96147-drow-arachnomancer,Drow Arachnomancer,MToF,13,76.0,0.0,0.0,0.0,0.0,0.0,0.0,106.0,0.0,0.0,0.0,0.0,36.0,0.0,13.0,old
177,96157-drow-favored-consort,Drow Favored Consort,MToF,18,79.5,0.0,0.0,0.0,0.0,0.0,0.0,72.0,0.0,0.0,0.0,0.0,8.5,34.0,18.0,old
178,96419-drow-house-captain,Drow House Captain,MToF,9,50.5,0.0,0.0,0.0,0.0,0.0,0.0,42.0,0.0,0.0,0.0,0.0,15.0,29.0,9.0,old
179,96450-drow-inquisitor,Drow Inquisitor,MToF,14,79.5,0.0,0.0,0.0,0.0,0.0,72.0,0.0,0.0,0.0,0.0,0.0,34.0,0.0,14.0,old
180,96458-drow-matron-mother,Drow Matron Mother,MToF,20,0.0,0.0,0.0,0.0,0.0,0.0,0.0,0.0,0.0,0.0,0.0,0.0,0.0,0.0,20.0,old
181,96466-drow-shadowblade,Drow Shadowblade,MToF,11,59.0,0.0,0.0,0.0,0.0,0.0,31.5,31.5,0.0,0.0,0.0,0.0,34.0,0.0,11.0,old
182,96471-duergar-despot,Duergar Despot,MToF,12,18.0,0.0,0.0,18.0,0.0,0.0,0.0,0.0,0.0,0.0,0.0,9.5,0.0,0.0,12.0,old
183,96474-duergar-hammerer,Duergar Hammerer,MToF,2,16.5,0.0,0.0,0.0,0.0,0.0,0.0,0.0,0.0,0.0,0.0,33.0,0.0,0.0,2.0,old
184,17384-duergar-kavalrachni,Duergar Kavalrachni,MToF,2,23.0,0.0,0.0,0.0,0.0,0.0,0.0,15.0,0.0,0.0,0.0,0.0,25.0,0.0,2.0,old
185,96485-duergar-mind-master,Duergar Mind Master,MToF,2,30.0,0.0,0.0,0.0,0.0,0.0,0.0,0.0,24.5,0.0,0.0,0.0,5.5,0.0,2.0,old
186,96504-duergar-screamer,Duergar Screamer,MToF,3,17.5,0.0,0.0,0.0,0.0,0.0,0.0,0.0,0.0,0.0,14.0,0.0,21.0,0.0,3.0,old
187,17386-duergar-soulblade,Duergar Soulblade,MToF,1,13.5,0.0,0.0,0.0,13.5,0.0,0.0,0.0,0.0,0.0,0.0,0.0,0.0,0.0,1.0,old
188,17387-duergar-stone-guard,Duergar Stone Guard,MToF,2,11.0,0.0,0.0,0.0,0.0,0.0,0.0,0.0,0.0,0.0,0.0,0.0,22.0,0.0,2.0,old
189,96520-duergar-warlord,Duergar Warlord,MToF,6,20.5,0.0,0.0,0.0,0.0,0.0,0.0,0.0,5.5,0.0,0.0,15.0,11.0,0.0,6.0,old
190,17388-duergar-xarrorn,Duergar Xarrorn,MToF,2,19.5,0.0,0.0,14.0,0.0,0.0,0.0,0.0,0.0,0.0,0.0,0.0,16.0,0.0,2.0,old
191,96527-eidolon,Eidolon,MToF,12,0.0,0.0,0.0,0.0,0.0,0.0,0.0,0.0,0.0,0.0,0.0,0.0,0.0,0.0,12.0,old
192,96541-autumn-eladrin,Autumn Eladrin,MToF,10,25.5,0.0,0.0,0.0,0.0,0.0,0.0,0.0,36.0,0.0,0.0,0.0,7.5,6.5,10.0,old
193,96548-spring-eladrin,Spring Eladrin,MToF,10,12.0,0.0,0.0,0.0,0.0,0.0,0.0,0.0,9.0,0.0,0.0,0.0,7.5,7.5,10.0,old
194,96584-summer-eladrin,Summer Eladrin,MToF,10,19.5,0.0,0.0,9.0,0.0,0.0,0.0,0.0,0.0,0.0,0.0,0.0,14.0,15.0,10.0,old
195,96648-winter-eladrin,Winter Eladrin,MToF,10,5.5,0.0,0.0,0.0,0.0,0.0,0.0,0.0,0.0,0.0,0.0,0.0,4.5,5.5,10.0,old
196,96977-leviathan,Leviathan,MToF,20,44.0,24.0,0.0,0.0,0.0,0.0,0.0,0.0,0.0,0.0,0.0,91.5,0.0,0.0,20.0,old
197,97297-phoenix,Phoenix,MToF,16,37.5,0.0,0.0,75.0,0.0,0.0,0.0,0.0,0.0,0.0,0.0,0.0,0.0,0.0,16.0,old
198,97316-elder-tempest,Elder Tempest,MToF,23,46.0,0.0,0.0,0.0,0.0,27.0,0.0,0.0,0.0,0.0,69.0,0.0,0.0,0.0,23.0,old
199,97330-zaratan,Zaratan,MToF,22,54.5,0.0,0.0,0.0,0.0,0.0,0.0,0.0,0.0,0.0,0.0,90.0,56.0,0.0,22.0,old
200,17457-air-elemental-myrmidon,Air Elemental Myrmidon,MToF,7,25.5,0.0,0.0,0.0,0.0,18.0,0.0,0.0,0.0,0.0,0.0,34.0,0.0,0.0,7.0,old
201,17458-earth-elemental-myrmidon,Earth Elemental Myrmidon,MToF,7,22.0,0.0,0.0,0.0,0.0,0.0,0.0,0.0,0.0,0.0,16.5,33.0,0.0,0.0,7.0,old
202,17459-fire-elemental-myrmidon,Fire Elemental Myrmidon,MToF,7,22.5,0.0,0.0,5.5,0.0,0.0,0.0,0.0,0.0,0.0,0.0,0.0,0.0,30.0,7.0,old
203,17460-water-elemental-myrmidon,Water Elemental Myrmidon,MToF,7,25.5,0.0,5.5,0.0,0.0,0.0,0.0,0.0,0.0,0.0,0.0,0.0,34.0,0.0,7.0,old
204,97378-giff,Giff,MToF,3,17.5,0.0,0.0,0.0,0.0,0.0,0.0,0.0,0.0,0.0,0.0,0.0,48.5,9.5,3.0,old
205,97386-githyanki-gish,Githyanki Gish,MToF,10,53.0,0.0,0.0,0.0,0.0,0.0,0.0,0.0,54.0,0.0,0.0,0.0,0.0,25.5,10.0,old
206,97397-githyanki-kithrak,Githyanki Kith’rak,MToF,12,85.5,0.0,0.0,0.0,0.0,0.0,0.0,0.0,70.0,0.0,0.0,0.0,0.0,44.0,12.0,old
207,97406-githyanki-supreme-commander,Githyanki Supreme Commander,MToF,14,63.0,0.0,0.0,0.0,0.0,0.0,0.0,0.0,52.5,0.0,0.0,0.0,0.0,42.0,14.0,old
208,97419-githzerai-anarch,Githzerai Anarch,MToF,16,96.0,0.0,0.0,0.0,0.0,0.0,0.0,0.0,72.0,0.0,0.0,56.0,0.0,0.0,16.0,old
209,97437-githzerai-enlightened,Githzerai Enlightened,MToF,10,79.5,0.0,0.0,0.0,0.0,0.0,0.0,0.0,54.0,0.0,0.0,52.0,0.0,0.0,10.0,old
210,98864-gray-render,Gray Render,MToF,12,57.0,0.0,0.0,0.0,0.0,0.0,0.0,0.0,0.0,0.0,0.0,21.0,34.0,39.0,12.0,old
211,97467-howler,Howler,MToF,8,64.0,0.0,0.0,0.0,0.0,0.0,0.0,0.0,66.0,0.0,0.0,0.0,30.0,0.0,8.0,old
212,97338-young-kruthik,Young Kruthik,MToF,1/8,5.5,0.0,0.0,0.0,0.0,0.0,0.0,0.0,0.0,0.0,0.0,0.0,5.5,0.0,0.125,old
213,97345-adult-kruthik,Adult Kruthik,MToF,2,13.0,0.0,0.0,0.0,0.0,0.0,0.0,0.0,0.0,0.0,0.0,0.0,25.0,0.0,2.0,old
214,97356-kruthik-hive-lord,Kruthik Hive Lord,MToF,5,22.0,22.0,0.0,0.0,0.0,0.0,0.0,0.0,0.0,0.0,0.0,0.0,36.0,0.0,5.0,old
215,97010-marut,Marut,MToF,25,120.0,0.0,0.0,0.0,180.0,0.0,0.0,0.0,0.0,0.0,0.0,0.0,0.0,0.0,25.0,old
216,97003-meazel,Meazel,MToF,1,16.5,0.0,0.0,0.0,0.0,0.0,3.5,0.0,0.0,0.0,0.0,16.5,6.5,0.0,1.0,old
217,97001-nagpa,Nagpa,MToF,17,9.0,0.0,0.0,0.0,0.0,0.0,0.0,0.0,0.0,0.0,0.0,9.0,0.0,0.0,17.0,old
218,96519-nightwalker,Nightwalker,MToF,20,26.0,0.0,0.0,0.0,0.0,0.0,26.0,0.0,0.0,0.0,0.0,0.0,0.0,0.0,20.0,old
219,96514-oblex-spawn,Oblex Spawn,MToF,1/4,8.0,0.0,0.0,0.0,0.0,0.0,0.0,0.0,2.5,0.0,0.0,5.5,0.0,0.0,0.25,old
220,96508-adult-oblex,Adult Oblex,MToF,5,30.5,0.0,0.0,0.0,0.0,0.0,0.0,0.0,46.0,0.0,0.0,15.0,0.0,0.0,5.0,old
221,96503-elder-oblex,Elder Oblex,MToF,10,92.0,0.0,0.0,0.0,0.0,0.0,0.0,0.0,109.0,0.0,0.0,51.0,0.0,0.0,10.0,old
222,96493-ogre-battering-ram,Ogre Battering Ram,MToF,4,15.0,0.0,0.0,0.0,0.0,0.0,0.0,0.0,0.0,0.0,0.0,15.0,0.0,0.0,4.0,old
223,96491-ogre-bolt-launcher,Ogre Bolt Launcher,MToF,2,17.5,0.0,0.0,0.0,0.0,0.0,0.0,0.0,0.0,0.0,0.0,9.0,17.5,0.0,2.0,old
224,96487-ogre-chain-brute,Ogre Chain Brute,MToF,3,9.0,0.0,0.0,0.0,0.0,0.0,0.0,0.0,0.0,0.0,0.0,9.0,0.0,0.0,3.0,old
225,96483-ogre-howdah,Ogre Howdah,MToF,2,11.0,0.0,0.0,0.0,0.0,0.0,0.0,0.0,0.0,0.0,0.0,11.0,0.0,0.0,2.0,old
226,96134-retriever,Retriever,MToF,14,57.5,0.0,0.0,0.0,55.0,0.0,0.0,0.0,0.0,0.0,0.0,0.0,0.0,45.0,14.0,old
227,95451-frost-salamander,Frost Salamander,MToF,9,49.0,0.0,55.0,0.0,0.0,0.0,0.0,0.0,0.0,0.0,0.0,0.0,61.5,0.0,9.0,old
228,95448-gloom-weaver,Gloom Weaver,MToF,9,69.0,0.0,0.0,0.0,0.0,0.0,78.0,0.0,0.0,0.0,0.0,0.0,25.5,0.0,9.0,old
229,95441-shadow-dancer,Shadow Dancer,MToF,7,30.0,0.0,0.0,0.0,0.0,0.0,0.0,0.0,0.0,0.0,0.0,0.0,40.0,0.0,7.0,old
230,95330-soul-monger,Soul Monger,MToF,11,65.0,0.0,0.0,0.0,0.0,0.0,58.5,0.0,0.0,0.0,0.0,0.0,39.0,0.0,11.0,old
231,95328-skulk,Skulk,MToF,1/2,0.0,0.0,0.0,0.0,0.0,0.0,0.0,0.0,0.0,0.0,0.0,0.0,0.0,0.0,0.5,old
232,95325-skull-lord,Skull Lord,MToF,15,64.5,0.0,0.0,0.0,0.0,0.0,56.0,0.0,0.0,0.0,0.0,30.0,0.0,0.0,15.0,old
233,95059-the-angry,The Angry,MToF,13,32.0,0.0,0.0,0.0,0.0,0.0,0.0,0.0,0.0,0.0,0.0,0.0,48.0,0.0,13.0,old
234,95289-the-hungry,The Hungry,MToF,11,40.0,0.0,0.0,0.0,0.0,0.0,27.0,0.0,0.0,0.0,0.0,0.0,17.0,36.0,11.0,old
235,95291-the-lonely,The Lonely,MToF,9,39.0,0.0,0.0,0.0,0.0,0.0,0.0,0.0,36.0,0.0,0.0,0.0,42.0,0.0,9.0,old
236,95296-the-lost,The Lost,MToF,7,52.0,0.0,0.0,0.0,0.0,0.0,0.0,0.0,27.0,0.0,0.0,0.0,67.0,0.0,7.0,old
237,95303-the-wretched,The Wretched,MToF,1/4,13.0,0.0,0.0,0.0,0.0,0.0,6.5,0.0,0.0,0.0,0.0,0.0,6.5,0.0,0.25,old
238,94989-star-spawn-grue,Star Spawn Grue,MToF,1/4,6.0,0.0,0.0,0.0,0.0,0.0,0.0,0.0,0.0,0.0,0.0,0.0,6.0,0.0,0.25,old
239,94993-star-spawn-hulk,Star Spawn Hulk,MToF,10,28.0,0.0,0.0,0.0,0.0,0.0,0.0,0.0,0.0,0.0,0.0,42.0,0.0,0.0,10.0,old
240,95000-star-spawn-larva-mage,Star Spawn Larva Mage,MToF,16,22.5,0.0,0.0,0.0,0.0,0.0,22.5,0.0,0.0,0.0,0.0,7.5,0.0,0.0,16.0,old
241,95006-star-spawn-mangler,Star Spawn Mangler,MToF,5,0.0,0.0,0.0,0.0,0.0,0.0,0.0,0.0,0.0,0.0,0.0,0.0,0.0,0.0,5.0,old
242,95011-star-spawn-seer,Star Spawn Seer,MToF,13,57.0,0.0,0.0,0.0,0.0,0.0,0.0,0.0,81.5,0.0,0.0,31.5,0.0,0.0,13.0,old
243,17401-female-steeder,Female Steeder,MToF,1,16.5,0.0,0.0,0.0,0.0,0.0,0.0,9.0,0.0,0.0,0.0,0.0,7.5,0.0,1.0,old
244,17402-male-steeder,Male Steeder,MToF,1/4,11.0,0.0,0.0,0.0,0.0,0.0,0.0,4.5,0.0,0.0,0.0,0.0,6.5,0.0,0.25,old
245,94643-steel-predator,Steel Predator,MToF,16,46.0,0.0,0.0,0.0,0.0,0.0,0.0,0.0,0.0,0.0,0.0,0.0,28.0,48.0,16.0,old
246,94620-stone-cursed,Stone Cursed,MToF,1,0.0,0.0,0.0,0.0,0.0,0.0,0.0,0.0,0.0,0.0,0.0,0.0,0.0,0.0,1.0,old
247,94600-sword-wraith-commander,Sword Wraith Commander,MToF,8,9.5,0.0,0.0,0.0,0.0,0.0,0.0,0.0,0.0,0.0,0.0,0.0,6.5,9.5,8.0,old
248,94613-sword-wraith-warrior,Sword Wraith Warrior,MToF,3,9.5,0.0,0.0,0.0,0.0,0.0,0.0,0.0,0.0,0.0,0.0,0.0,5.5,9.5,3.0,old
249,94218-dire-troll,Dire Troll,MToF,13,82.0,0.0,0.0,0.0,0.0,0.0,0.0,11.0,0.0,0.0,0.0,0.0,21.0,126.5,13.0,old
250,94210-rot-troll,Rot Troll,MToF,9,57.0,0.0,0.0,0.0,0.0,0.0,49.5,0.0,0.0,0.0,0.0,0.0,15.0,33.0,9.0,old
251,94196-spirit-troll,Spirit Troll,MToF,11,47.5,0.0,0.0,0.0,0.0,0.0,0.0,0.0,81.0,0.0,0.0,0.0,0.0,0.0,11.0,old
252,94193-venom-troll,Venom Troll,MToF,7,43.0,0.0,0.0,0.0,0.0,0.0,0.0,22.5,0.0,0.0,0.0,0.0,15.0,33.0,7.0,old
253,23135-vampiric-mist,Vampiric Mist,MToF,3,0.0,0.0,0.0,0.0,0.0,0.0,0.0,0.0,0.0,0.0,0.0,0.0,0.0,0.0,3.0,old
254,93850-canoloth,Canoloth,MToF,8,40.0,0.0,0.0,0.0,0.0,0.0,0.0,0.0,0.0,0.0,0.0,0.0,67.0,30.0,8.0,old
255,93845-dhergoloth,Dhergoloth,MToF,7,24.0,0.0,0.0,0.0,0.0,0.0,0.0,0.0,0.0,0.0,0.0,0.0,0.0,58.5,7.0,old
256,93837-hydroloth,Hydroloth,MToF,9,16.0,0.0,0.0,0.0,0.0,0.0,0.0,0.0,0.0,0.0,0.0,0.0,16.0,14.0,9.0,old
257,93827-merrenoloth,Merrenoloth,MToF,3,8.0,0.0,0.0,0.0,0.0,0.0,0.0,0.0,0.0,0.0,0.0,0.0,0.0,16.0,3.0,old
258,93805-oinoloth,Oinoloth,MToF,12,73.0,0.0,0.0,0.0,0.0,0.0,66.0,0.0,0.0,0.0,0.0,0.0,0.0,43.5,12.0,old
259,93792-yagnoloth,Yagnoloth,MToF,11,35.5,0.0,0.0,0.0,0.0,27.0,35.5,0.0,0.0,0.0,0.0,23.5,0.0,0.0,11.0,old
260,2560739-black-abishai,Black Abishai,MPMotM,7,30.5,18.0,0.0,0.0,19.5,0.0,0.0,0.0,0.0,0.0,0.0,0.0,17.0,0.0,7.0,new
261,2560742-blue-abishai,Blue Abishai,MPMotM,17,36.0,0.0,0.0,0.0,0.0,86.0,0.0,0.0,0.0,0.0,0.0,0.0,13.0,0.0,17.0,new
262,2560838-green-abishai,Green Abishai,MPMotM,15,28.5,0.0,0.0,0.0,24.0,0.0,0.0,33.0,0.0,0.0,0.0,0.0,0.0,0.0,15.0,new
263,2560902-red-abishai,Red Abishai,MPMotM,19,89.0,0.0,0.0,99.0,34.0,0.0,0.0,0.0,0.0,0.0,0.0,0.0,45.0,0.0,19.0,new
264,2560959-white-abishai,White Abishai,MPMotM,6,26.0,0.0,7.0,0.0,17.0,0.0,0.0,0.0,0.0,0.0,0.0,0.0,11.0,17.0,6.0,new
265,2560716-alhoon,Alhoon,MPMotM,10,28.0,0.0,14.0,0.0,56.0,0.0,0.0,0.0,22.0,0.0,0.0,0.0,0.0,0.0,10.0,new
266,2560717-alkilith,Alkilith,MPMotM,11,54.0,72.0,0.0,0.0,0.0,0.0,0.0,0.0,0.0,0.0,0.0,0.0,0.0,0.0,11.0,new
267,2560718-allip,Allip,MPMotM,5,17.0,0.0,0.0,0.0,0.0,0.0,0.0,0.0,17.0,0.0,0.0,0.0,0.0,0.0,5.0,new
268,2560720-amnizu,Amnizu,MPMotM,18,26.0,0.0,0.0,0.0,16.5,0.0,52.0,0.0,0.0,0.0,0.0,0.0,0.0,9.5,18.0,new
269,2560722-annis-hag,Annis Hag,MPMotM,6,73.0,0.0,0.0,0.0,0.0,0.0,0.0,0.0,0.0,0.0,0.0,73.0,31.0,15.5,6.0,new
270,2560724-archdruid,Archdruid,MPMotM,12,26.5,0.0,0.0,26.0,0.0,0.0,0.0,42.0,0.0,0.0,0.0,11.0,0.0,0.0,12.0,new
271,2560725-archer,Archer,MPMotM,3,17.0,0.0,0.0,0.0,0.0,0.0,0.0,0.0,0.0,0.0,0.0,0.0,33.0,0.0,3.0,new
272,2560726-armanite,Armanite,MPMotM,7,47.0,0.0,0.0,0.0,0.0,54.0,0.0,0.0,0.0,0.0,0.0,24.0,0.0,52.0,7.0,new
273,2560730-babau,Babau,MPMotM,4,18.0,7.5,0.0,0.0,0.0,0.0,0.0,0.0,0.0,0.0,0.0,0.0,0.0,19.5,4.0,new
274,2560731-bael,Bael,MPMotM,19,25.0,0.0,0.0,0.0,32.0,0.0,18.0,0.0,0.0,0.0,0.0,0.0,0.0,0.0,19.0,new
275,2560732-balhannoth,Balhannoth,MPMotM,11,39.5,0.0,0.0,0.0,0.0,0.0,0.0,0.0,0.0,0.0,0.0,30.0,39.0,0.0,11.0,new
276,2560733-banderhobb,Banderhobb,MPMotM,5,26.0,0.0,0.0,0.0,0.0,0.0,31.5,0.0,0.0,0.0,0.0,0.0,46.5,0.0,5.0,new
277,2560734-baphomet,Baphomet,MPMotM,23,21.0,0.0,0.0,0.0,42.0,0.0,0.0,0.0,0.0,0.0,0.0,0.0,19.0,0.0,23.0,new
278,2560735-bard,Bard,MPMotM,2,5.5,0.0,0.0,0.0,0.0,0.0,0.0,0.0,0.0,0.0,0.0,0.0,16.5,0.0,2.0,new
279,2560736-barghest,Barghest,MPMotM,4,13.0,0.0,0.0,0.0,0.0,0.0,0.0,0.0,0.0,0.0,0.0,0.0,26.0,8.5,4.0,new
280,2560737-berbalang,Berbalang,MPMotM,2,13.0,0.0,0.0,0.0,0.0,0.0,0.0,0.0,9.0,0.0,0.0,0.0,17.0,8.0,2.0,new
281,2560738-bheur-hag,Bheur Hag,MPMotM,7,30.0,0.0,78.0,0.0,0.0,0.0,0.0,0.0,0.0,0.0,0.0,10.0,0.0,0.0,7.0,new
282,2560741-blackguard,Blackguard,MPMotM,8,18.5,0.0,0.0,0.0,0.0,0.0,9.0,0.0,0.0,0.0,0.0,0.0,5.5,9.5,8.0,new
283,2560744-bodak,Bodak,MPMotM,6,22.0,0.0,0.0,0.0,0.0,0.0,31.0,0.0,0.0,0.0,0.0,4.5,0.0,0.0,6.0,new
284,17224-boggle,Boggle,MPMotM,1/8,2.5,0.0,0.0,0.0,0.0,0.0,0.0,0.0,0.0,0.0,0.0,2.5,0.0,0.0,0.125,new
285,2560745-boneclaw,Boneclaw,MPMotM,12,63.0,0.0,0.0,0.0,0.0,0.0,67.5,0.0,0.0,0.0,0.0,0.0,61.5,0.0,12.0,new
286,2560747-bulezau,Bulezau,MPMotM,3,13.0,0.0,0.0,0.0,0.0,0.0,4.5,0.0,0.0,0.0,0.0,0.0,8.5,0.0,3.0,new
287,2560748-cadaver-collector,Cadaver Collector,MPMotM,14,70.0,0.0,0.0,0.0,0.0,0.0,49.5,0.0,0.0,0.0,0.0,55.5,0.0,0.0,14.0,new
288,2560749-canoloth,Canoloth,MPMotM,8,42.0,7.0,0.0,0.0,54.0,0.0,0.0,0.0,0.0,0.0,0.0,0.0,25.5,15.0,8.0,new
289,2560750-catoblepas,Catoblepas,MPMotM,5,21.5,0.0,0.0,0.0,0.0,0.0,0.0,0.0,0.0,0.0,0.0,21.5,0.0,0.0,5.0,new
290,2560728-aurochs,Aurochs,MPMotM,2,23.0,0.0,0.0,0.0,0.0,0.0,0.0,0.0,0.0,0.0,0.0,0.0,23.0,0.0,2.0,new
291,2560768-deep-rothe,Deep Rothé,MPMotM,1/4,14.5,0.0,0.0,0.0,0.0,0.0,0.0,0.0,0.0,0.0,0.0,0.0,14.5,0.0,0.25,new
292,2560899-ox,Ox,MPMotM,1/4,14.5,0.0,0.0,0.0,0.0,0.0,0.0,0.0,0.0,0.0,0.0,0.0,14.5,0.0,0.25,new
293,2560929-stench-kow,Stench Kow,MPMotM,1/2,14.5,0.0,0.0,0.0,0.0,0.0,0.0,0.0,0.0,0.0,0.0,0.0,14.5,0.0,0.5,new
294,2560751-cave-fisher,Cave Fisher,MPMotM,3,20.0,0.0,0.0,0.0,0.0,0.0,0.0,0.0,0.0,0.0,0.0,0.0,0.0,30.0,3.0,new
295,2560752-champion,Champion,MPMotM,9,57.0,0.0,0.0,0.0,0.0,0.0,0.0,0.0,0.0,0.0,0.0,0.0,12.5,76.0,9.0,new
296,2560753-chitine,Chitine,MPMotM,1/2,13.5,0.0,0.0,0.0,0.0,0.0,0.0,0.0,0.0,0.0,0.0,0.0,18.0,0.0,0.5,new
297,2560754-choker,Choker,MPMotM,1,11.0,0.0,0.0,0.0,0.0,0.0,0.0,0.0,0.0,0.0,0.0,0.0,16.5,0.0,1.0,new
298,2560755-choldrith,Choldrith,MPMotM,3,16.0,0.0,0.0,0.0,0.0,0.0,0.0,10.5,0.0,0.0,0.0,0.0,5.5,0.0,3.0,new
299,2560756-clockwork-bronze-scout,Clockwork Bronze Scout,MPMotM,1,14.0,0.0,0.0,0.0,0.0,17.5,0.0,0.0,0.0,0.0,0.0,0.0,5.5,0.0,1.0,new
300,2560757-clockwork-iron-cobra,Clockwork Iron Cobra,MPMotM,4,0.0,0.0,0.0,0.0,0.0,0.0,0.0,0.0,0.0,0.0,0.0,0.0,0.0,0.0,4.0,new
301,2560758-clockwork-oaken-bolter,Clockwork Oaken Bolter,MPMotM,5,30.0,0.0,0.0,17.5,0.0,0.0,0.0,0.0,0.0,0.0,0.0,0.0,45.0,0.0,5.0,new
302,2560759-clockwork-stone-defender,Clockwork Stone Defender,MPMotM,4,11.0,0.0,0.0,0.0,0.0,0.0,0.0,0.0,0.0,0.0,0.0,11.0,0.0,0.0,4.0,new
303,2560760-cloud-giant-smiling-one,Cloud Giant Smiling One,MPMotM,11,27.0,0.0,0.0,0.0,25.0,0.0,0.0,0.0,11.0,0.0,0.0,43.0,0.0,0.0,11.0,new
304,2560762-corpse-flower,Corpse Flower,MPMotM,8,58.5,0.0,0.0,0.0,0.0,0.0,0.0,42.0,0.0,0.0,0.0,36.0,0.0,0.0,8.0,new
305,2560763-cranium-rat,Cranium Rat,MPMotM,0,1.0,0.0,0.0,0.0,0.0,0.0,0.0,0.0,0.0,0.0,0.0,0.0,1.0,0.0,0.0,new
306,2560934-swarm-of-cranium-rats,Swarm of Cranium Rats,MPMotM,5,36.5,0.0,0.0,0.0,0.0,0.0,0.0,0.0,22.5,0.0,0.0,0.0,14.0,0.0,5.0,new
307,17231-darkling,Darkling,MPMotM,1/2,12.5,0.0,0.0,0.0,0.0,0.0,7.0,0.0,0.0,0.0,0.0,0.0,5.5,0.0,0.5,new
308,17232-darkling-elder,Darkling Elder,MPMotM,2,27.0,0.0,0.0,0.0,0.0,0.0,21.0,0.0,0.0,0.0,0.0,0.0,0.0,19.5,2.0,new
309,2560764-death-kiss,Death Kiss,MPMotM,10,33.0,0.0,0.0,0.0,0.0,0.0,0.0,0.0,0.0,0.0,0.0,0.0,44.0,0.0,10.0,new
310,2560767-deathlock,Deathlock,MPMotM,4,14.0,0.0,0.0,0.0,0.0,0.0,37.0,0.0,0.0,0.0,0.0,0.0,0.0,0.0,4.0,new
311,2560765-deathlock-mastermind,Deathlock Mastermind,MPMotM,8,13.5,0.0,0.0,0.0,0.0,0.0,30.0,0.0,0.0,0.0,0.0,0.0,0.0,0.0,8.0,new
312,2560766-deathlock-wight,Deathlock Wight,MPMotM,3,12.0,0.0,0.0,0.0,0.0,0.0,24.0,0.0,0.0,0.0,0.0,0.0,0.0,0.0,3.0,new
313,2560769-deep-scion,Deep Scion,MPMotM,3,21.5,0.0,0.0,0.0,0.0,0.0,0.0,0.0,0.0,0.0,0.0,0.0,13.0,32.0,3.0,new
314,2560771-demogorgon,Demogorgon,MPMotM,26,28.5,0.0,0.0,0.0,57.0,0.0,0.0,0.0,0.0,0.0,0.0,0.0,0.0,0.0,26.0,new
315,2560773-derro,Derro,MPMotM,1/4,6.5,0.0,0.0,0.0,0.0,0.0,0.0,0.0,0.0,0.0,0.0,0.0,10.0,0.0,0.25,new
316,2560772-derro-savant,Derro Savant,MPMotM,3,21.0,0.0,0.0,0.0,0.0,0.0,0.0,0.0,0.0,21.0,0.0,2.5,0.0,0.0,3.0,new
317,2560774-devourer,Devourer,MPMotM,13,110.0,0.0,0.0,0.0,0.0,0.0,151.0,0.0,0.0,0.0,0.0,0.0,0.0,36.0,13.0,new
318,2560775-dhergoloth,Dhergoloth,MPMotM,7,24.0,0.0,0.0,0.0,58.5,0.0,0.0,0.0,0.0,0.0,0.0,0.0,0.0,0.0,7.0,new
319,2560746-brontosaurus,Brontosaurus,MPMotM,5,32.0,0.0,0.0,0.0,0.0,0.0,0.0,0.0,0.0,0.0,0.0,59.5,0.0,0.0,5.0,new
320,2560770-deinonychus,Deinonychus,MPMotM,1,19.5,0.0,0.0,0.0,0.0,0.0,0.0,0.0,0.0,0.0,0.0,0.0,13.0,19.5,1.0,new
321,2560776-dimetrodon,Dimetrodon,MPMotM,1/4,9.0,0.0,0.0,0.0,0.0,0.0,0.0,0.0,0.0,0.0,0.0,0.0,9.0,0.0,0.25,new
322,2560844-hadrosaurus,Hadrosaurus,MPMotM,1/4,7.5,0.0,0.0,0.0,0.0,0.0,0.0,0.0,0.0,0.0,0.0,7.5,0.0,0.0,0.25,new
323,2560901-quetzalcoatlus,Quetzalcoatlus,MPMotM,2,23.0,0.0,0.0,0.0,0.0,0.0,0.0,0.0,0.0,0.0,0.0,0.0,23.0,0.0,2.0,new
324,2560928-stegosaurus,Stegosaurus,MPMotM,4,26.0,0.0,0.0,0.0,0.0,0.0,0.0,0.0,0.0,0.0,0.0,0.0,26.0,0.0,4.0,new
325,2560950-velociraptor,Velociraptor,MPMotM,1/4,10.0,0.0,0.0,0.0,0.0,0.0,0.0,0.0,0.0,0.0,0.0,0.0,11.0,9.0,0.25,new
326,2560780-dolphin,Dolphin,MPMotM,1/8,9.0,0.0,0.0,0.0,0.0,0.0,0.0,0.0,0.0,0.0,0.0,9.0,0.0,0.0,0.125,new
327,2560779-dolphin-delighter,Dolphin Delighter,MPMotM,3,25.0,0.0,0.0,0.0,0.0,0.0,0.0,0.0,21.0,0.0,0.0,16.5,0.0,0.0,3.0,new
328,2560781-draegloth,Draegloth,MPMotM,7,16.0,0.0,0.0,0.0,0.0,0.0,0.0,0.0,0.0,0.0,0.0,0.0,32.0,16.0,7.0,new
329,2560782-drow-arachnomancer,Drow Arachnomancer,MPMotM,13,43.5,0.0,0.0,0.0,0.0,0.0,0.0,66.5,0.0,0.0,0.0,0.0,12.0,0.0,13.0,new
330,2560783-drow-favored-consort,Drow Favored Consort,MPMotM,18,36.0,0.0,0.0,0.0,72.0,0.0,0.0,27.0,0.0,0.0,0.0,0.0,0.0,8.5,18.0,new
331,2560784-drow-house-captain,Drow House Captain,MPMotM,9,21.5,0.0,0.0,0.0,0.0,0.0,0.0,28.0,0.0,0.0,0.0,0.0,7.5,21.5,9.0,new
332,2560786-drow-inquisitor,Drow Inquisitor,MPMotM,14,26.5,0.0,0.0,0.0,0.0,0.0,36.0,0.0,0.0,0.0,0.0,0.0,17.0,0.0,14.0,new
333,2560787-drow-matron-mother,Drow Matron Mother,MPMotM,20,28.0,0.0,0.0,14.0,0.0,0.0,0.0,0.0,0.0,14.0,0.0,0.0,0.0,0.0,20.0,new
334,2560790-drow-shadowblade,Drow Shadowblade,MPMotM,11,29.5,0.0,0.0,0.0,0.0,0.0,59.0,0.0,0.0,0.0,0.0,0.0,8.5,0.0,11.0,new
335,2560791-duergar-despot,Duergar Despot,MPMotM,12,18.0,0.0,0.0,18.0,0.0,0.0,0.0,0.0,0.0,0.0,0.0,21.0,0.0,0.0,12.0,new
336,2560793-duergar-kavalrachni,Duergar Kavalrachni,MPMotM,2,23.0,0.0,0.0,0.0,0.0,0.0,0.0,15.0,0.0,0.0,0.0,0.0,25.0,0.0,2.0,new
337,2560794-duergar-mind-master,Duergar Mind Master,MPMotM,2,53.0,0.0,0.0,0.0,0.0,0.0,0.0,0.0,63.0,0.0,0.0,0.0,16.5,0.0,2.0,new
338,2560796-duergar-soulblade,Duergar Soulblade,MPMotM,1,17.0,0.0,0.0,0.0,17.0,0.0,0.0,0.0,0.0,0.0,0.0,0.0,0.0,0.0,1.0,new
339,2560797-duergar-stone-guard,Duergar Stone Guard,MPMotM,2,22.0,0.0,0.0,0.0,0.0,0.0,0.0,0.0,0.0,0.0,0.0,0.0,44.0,0.0,2.0,new
340,2560798-duergar-warlord,Duergar Warlord,MPMotM,6,20.5,0.0,0.0,0.0,0.0,0.0,0.0,0.0,5.5,0.0,0.0,15.0,11.0,0.0,6.0,new
341,2560799-duergar-xarrorn,Duergar Xarrorn,MPMotM,2,19.5,0.0,0.0,14.0,0.0,0.0,0.0,0.0,0.0,0.0,0.0,0.0,16.0,0.0,2.0,new
342,2560792-duergar-hammerer,Duergar Hammerer,MPMotM,2,16.5,0.0,0.0,0.0,0.0,0.0,0.0,0.0,0.0,0.0,0.0,20.0,13.0,0.0,2.0,new
343,2560795-duergar-screamer,Duergar Screamer,MPMotM,3,17.5,0.0,0.0,0.0,0.0,0.0,0.0,0.0,0.0,0.0,14.0,0.0,21.0,0.0,3.0,new
344,2560800-dybbuk,Dybbuk,MPMotM,4,0.0,0.0,0.0,0.0,0.0,0.0,0.0,0.0,0.0,0.0,0.0,0.0,0.0,0.0,4.0,new
345,2560802-eidolon,Eidolon,MPMotM,12,0.0,0.0,0.0,0.0,0.0,0.0,0.0,0.0,0.0,0.0,0.0,0.0,0.0,0.0,12.0,new
346,2560729-autumn-eladrin,Autumn Eladrin,MPMotM,10,30.0,0.0,0.0,0.0,0.0,0.0,0.0,0.0,67.5,0.0,0.0,0.0,15.0,6.5,10.0,new
347,2560921-spring-eladrin,Spring Eladrin,MPMotM,10,30.0,0.0,0.0,0.0,0.0,0.0,0.0,0.0,67.5,0.0,0.0,0.0,7.5,15.0,10.0,new
348,2560933-summer-eladrin,Summer Eladrin,MPMotM,10,48.0,0.0,0.0,36.0,0.0,0.0,0.0,0.0,0.0,0.0,0.0,0.0,14.0,45.0,10.0,new
349,2560961-winter-eladrin,Winter Eladrin,MPMotM,10,42.0,0.0,54.0,0.0,0.0,0.0,0.0,0.0,0.0,0.0,0.0,0.0,22.5,5.5,10.0,new
350,2560803-elder-brain,Elder Brain,MPMotM,14,32.5,0.0,0.0,0.0,0.0,0.0,0.0,0.0,42.0,0.0,0.0,20.0,0.0,0.0,14.0,new
351,2560805-elder-tempest,Elder Tempest,MPMotM,23,46.0,0.0,0.0,0.0,0.0,27.0,0.0,0.0,0.0,0.0,69.0,0.0,0.0,0.0,23.0,new
352,2560715-air-elemental-myrmidon,Air Elemental Myrmidon,MPMotM,7,25.5,0.0,0.0,0.0,34.0,18.0,0.0,0.0,0.0,0.0,0.0,0.0,0.0,0.0,7.0,new
353,2560801-earth-elemental-myrmidon,Earth Elemental Myrmidon,MPMotM,7,22.0,0.0,0.0,0.0,33.0,0.0,0.0,0.0,0.0,0.0,22.0,0.0,0.0,0.0,7.0,new
354,2560809-fire-elemental-myrmidon,Fire Elemental Myrmidon,MPMotM,7,22.5,0.0,0.0,7.0,30.0,0.0,0.0,0.0,0.0,0.0,0.0,0.0,0.0,0.0,7.0,new
355,2560958-water-elemental-myrmidon,Water Elemental Myrmidon,MPMotM,7,25.5,0.0,5.5,0.0,34.0,0.0,0.0,0.0,0.0,0.0,0.0,0.0,0.0,0.0,7.0,new
356,2560810-fire-giant-dreadnought,Fire Giant Dreadnought,MPMotM,14,72.0,0.0,0.0,35.0,0.0,0.0,0.0,0.0,0.0,0.0,0.0,132.0,21.0,0.0,14.0,new
357,2560811-firenewt-warlock-of-imix,Firenewt Warlock of Imix,MPMotM,1,16.5,0.0,0.0,5.5,0.0,0.0,0.0,0.0,0.0,0.0,0.0,0.0,22.0,0.0,1.0,new
358,2560812-firenewt-warrior,Firenewt Warrior,MPMotM,1/2,9.0,0.0,0.0,9.0,0.0,0.0,0.0,0.0,0.0,0.0,0.0,0.0,0.0,13.5,0.5,new
359,2560813-flail-snail,Flail Snail,MPMotM,3,27.5,0.0,0.0,0.0,0.0,0.0,0.0,0.0,0.0,0.0,0.0,33.0,0.0,0.0,3.0,new
360,2560814-flind,Flind,MPMotM,9,48.0,0.0,0.0,0.0,0.0,0.0,0.0,0.0,33.0,0.0,0.0,63.0,6.5,0.0,9.0,new
361,2560815-fraz-urbluu,Fraz-Urb’luu,MPMotM,23,22.5,0.0,0.0,0.0,64.5,0.0,0.0,0.0,0.0,0.0,0.0,0.0,0.0,0.0,23.0,new
362,2560816-froghemoth,Froghemoth,MPMotM,10,72.0,21.0,0.0,0.0,0.0,0.0,0.0,0.0,0.0,0.0,0.0,58.5,45.0,0.0,10.0,new
363,2560818-frost-salamander,Frost Salamander,MPMotM,9,49.0,0.0,55.0,0.0,0.0,0.0,0.0,0.0,0.0,0.0,0.0,0.0,61.5,0.0,9.0,new
364,2560819-gauth,Gauth,MPMotM,6,9.0,0.0,0.0,0.0,0.0,0.0,0.0,0.0,0.0,0.0,0.0,0.0,9.0,0.0,6.0,new
365,2560821-gazer,Gazer,MPMotM,1/2,1.0,0.0,0.0,0.0,0.0,0.0,0.0,0.0,0.0,0.0,0.0,0.0,1.0,0.0,0.5,new
366,2560823-geryon,Geryon,MPMotM,22,50.0,0.0,100.0,0.0,14.0,0.0,0.0,13.0,0.0,0.0,0.0,0.0,0.0,0.0,22.0,new
367,2560824-giant-strider,Giant Strider,MPMotM,1,14.0,0.0,0.0,14.0,0.0,0.0,0.0,0.0,0.0,0.0,0.0,0.0,8.5,0.0,1.0,new
368,2560826-giff,Giff,MPMotM,3,19.0,0.0,0.0,0.0,0.0,0.0,0.0,0.0,0.0,0.0,0.0,0.0,33.5,28.5,3.0,new
369,2560827-girallon,Girallon,MPMotM,4,37.5,0.0,0.0,0.0,0.0,0.0,0.0,0.0,0.0,0.0,0.0,0.0,15.0,37.5,4.0,new
370,2560828-githyanki-gish,Githyanki Gish,MPMotM,10,31.0,0.0,0.0,0.0,28.0,0.0,0.0,0.0,45.0,0.0,0.0,0.0,0.0,17.0,10.0,new
371,2560829-githyanki-kithrak,Githyanki Kith’rak,MPMotM,12,28.5,0.0,0.0,0.0,0.0,0.0,0.0,0.0,35.0,0.0,0.0,0.0,0.0,22.0,12.0,new
372,2560830-githyanki-supreme-commander,Githyanki Supreme Commander,MPMotM,14,31.5,0.0,0.0,0.0,0.0,0.0,0.0,0.0,35.0,0.0,0.0,0.0,0.0,28.0,14.0,new
373,2560831-githzerai-anarch,Githzerai Anarch,MPMotM,16,27.5,0.0,0.0,0.0,0.0,0.0,0.0,0.0,36.0,0.0,0.0,19.0,0.0,0.0,16.0,new
374,2560832-githzerai-enlightened,Githzerai Enlightened,MPMotM,10,31.0,0.0,0.0,0.0,0.0,0.0,0.0,0.0,36.0,0.0,0.0,26.0,0.0,0.0,10.0,new
375,2560833-gnoll-flesh-gnawer,Gnoll Flesh Gnawer,MPMotM,1,15.5,0.0,0.0,0.0,0.0,0.0,0.0,0.0,0.0,0.0,0.0,0.0,25.5,0.0,1.0,new
376,2560834-gnoll-hunter,Gnoll Hunter,MPMotM,1/2,13.0,0.0,0.0,0.0,0.0,0.0,0.0,0.0,0.0,0.0,0.0,0.0,30.5,0.0,0.5,new
377,2560835-gnoll-witherling,Gnoll Witherling,MPMotM,1/4,9.0,0.0,0.0,0.0,0.0,0.0,13.5,0.0,0.0,0.0,0.0,0.0,4.5,0.0,0.25,new
378,2560836-gray-render,Gray Render,MPMotM,12,64.0,0.0,0.0,0.0,0.0,0.0,0.0,0.0,0.0,0.0,0.0,31.5,34.0,39.0,12.0,new
379,2560837-grazzt,Graz’zt,MPMotM,24,34.0,28.0,0.0,0.0,40.0,0.0,0.0,0.0,0.0,0.0,0.0,0.0,0.0,0.0,24.0,new
380,2560842-grung,Grung,MPMotM,1/4,9.5,0.0,0.0,0.0,0.0,0.0,0.0,5.0,0.0,0.0,0.0,0.0,4.5,0.0,0.25,new
381,2560840-grung-elite-warrior,Grung Elite Warrior,MPMotM,2,11.5,0.0,0.0,0.0,0.0,0.0,0.0,10.0,0.0,0.0,0.0,0.0,12.0,0.0,2.0,new
382,2560841-grung-wildling,Grung Wildling,MPMotM,1,11.5,0.0,0.0,0.0,0.0,0.0,0.0,10.0,0.0,0.0,0.0,0.0,12.0,0.0,1.0,new
383,2560843-guard-drake,Guard Drake,MPMotM,2,14.0,0.0,0.0,0.0,0.0,0.0,0.0,0.0,0.0,0.0,0.0,13.0,15.0,0.0,2.0,new
384,2560845-hellfire-engine,Hellfire Engine,MPMotM,16,0.0,0.0,0.0,0.0,0.0,0.0,0.0,0.0,0.0,0.0,0.0,0.0,0.0,0.0,16.0,new
385,2560846-hobgoblin-devastator,Hobgoblin Devastator,MPMotM,4,21.0,0.0,0.0,0.0,55.5,0.0,0.0,0.0,0.0,0.0,0.0,5.5,0.0,0.0,4.0,new
386,2560847-hobgoblin-iron-shadow,Hobgoblin Iron Shadow,MPMotM,2,5.5,0.0,0.0,0.0,0.0,0.0,0.0,0.0,0.0,0.0,0.0,5.5,5.5,0.0,2.0,new
387,2560848-howler,Howler,MPMotM,8,64.0,0.0,0.0,0.0,0.0,0.0,0.0,0.0,82.5,0.0,0.0,0.0,30.0,0.0,8.0,new
388,2560850-hutijin,Hutijin,MPMotM,21,19.0,0.0,17.0,0.0,15.0,0.0,0.0,0.0,0.0,0.0,38.0,0.0,0.0,0.0,21.0,new
389,2560851-hydroloth,Hydroloth,MPMotM,9,25.0,0.0,0.0,0.0,46.0,0.0,0.0,0.0,27.0,0.0,0.0,0.0,0.0,0.0,9.0,new
390,2560853-juiblex,Juiblex,MPMotM,23,55.0,97.0,0.0,0.0,0.0,0.0,0.0,0.0,0.0,0.0,0.0,0.0,0.0,0.0,23.0,new
391,2560854-ki-rin,Ki-rin,MPMotM,12,18.5,0.0,0.0,0.0,10.0,0.0,0.0,0.0,0.0,51.0,0.0,0.0,0.0,0.0,12.0,new
392,2560855-kobold-dragonshield,Kobold Dragonshield,MPMotM,1,11.0,0.0,0.0,0.0,0.0,0.0,0.0,0.0,0.0,0.0,0.0,0.0,16.5,0.0,1.0,new
393,2560856-kobold-inventor,Kobold Inventor,MPMotM,1/4,4.5,0.0,0.0,0.0,0.0,0.0,0.0,0.0,0.0,0.0,0.0,4.5,4.5,0.0,0.25,new
394,2560857-kobold-scale-sorcerer,Kobold Scale Sorcerer,MPMotM,1,4.5,0.0,0.0,0.0,0.0,0.0,0.0,0.0,0.0,0.0,0.0,0.0,9.0,0.0,1.0,new
395,17279-korred,Korred,MPMotM,7,19.5,0.0,0.0,0.0,0.0,0.0,0.0,0.0,0.0,0.0,0.0,58.5,0.0,0.0,7.0,new
396,2560858-kraken-priest,Kraken Priest,MPMotM,5,27.5,0.0,0.0,0.0,0.0,11.0,0.0,0.0,0.0,0.0,66.0,0.0,0.0,0.0,5.0,new
397,2560969-young-kruthik,Young Kruthik,MPMotM,1/8,5.5,0.0,0.0,0.0,0.0,0.0,0.0,0.0,0.0,0.0,0.0,0.0,5.5,0.0,0.125,new
398,2560713-adult-kruthik,Adult Kruthik,MPMotM,2,13.0,0.0,0.0,0.0,0.0,0.0,0.0,0.0,0.0,0.0,0.0,0.0,25.0,0.0,2.0,new
399,2560859-kruthik-hive-lord,Kruthik Hive Lord,MPMotM,5,22.0,22.0,0.0,0.0,0.0,0.0,0.0,0.0,0.0,0.0,0.0,0.0,36.0,0.0,5.0,new
400,2560860-leucrotta,Leucrotta,MPMotM,3,19.5,0.0,0.0,0.0,0.0,0.0,0.0,0.0,0.0,0.0,0.0,22.0,17.0,0.0,3.0,new
401,2560861-leviathan,Leviathan,MPMotM,20,63.5,47.0,0.0,0.0,0.0,0.0,0.0,0.0,0.0,0.0,0.0,80.0,0.0,0.0,20.0,new
402,2560865-martial-arts-adept,Martial Arts Adept,MPMotM,3,27.5,0.0,0.0,0.0,0.0,0.0,0.0,0.0,0.0,0.0,0.0,0.0,33.0,0.0,3.0,new
403,2560866-marut,Marut,MPMotM,25,120.0,0.0,0.0,0.0,180.0,0.0,0.0,0.0,0.0,0.0,0.0,0.0,0.0,0.0,25.0,new
404,2560867-master-thief,Master Thief,MPMotM,5,33.0,0.0,0.0,0.0,0.0,0.0,0.0,17.5,0.0,0.0,0.0,0.0,37.5,0.0,5.0,new
405,2560868-maurezhi,Maurezhi,MPMotM,7,26.0,0.0,0.0,0.0,0.0,0.0,0.0,0.0,0.0,0.0,0.0,0.0,28.0,24.0,7.0,new
406,2560869-maw-demon,Maw Demon,MPMotM,1,11.0,11.0,0.0,0.0,0.0,0.0,0.0,0.0,0.0,0.0,0.0,0.0,11.0,0.0,1.0,new
407,2560870-meazel,Meazel,MPMotM,1,16.5,0.0,0.0,0.0,0.0,0.0,3.5,0.0,0.0,0.0,0.0,16.5,6.5,0.0,1.0,new
408,2560871-meenlock,Meenlock,MPMotM,2,7.0,0.0,0.0,0.0,0.0,0.0,0.0,0.0,0.0,0.0,0.0,0.0,0.0,7.0,2.0,new
409,2560872-merregon,Merregon,MPMotM,4,28.5,0.0,0.0,0.0,0.0,0.0,0.0,0.0,0.0,0.0,0.0,0.0,7.5,38.0,4.0,new
410,2560873-merrenoloth,Merrenoloth,MPMotM,3,8.0,0.0,0.0,16.0,0.0,0.0,0.0,0.0,0.0,0.0,0.0,0.0,0.0,0.0,3.0,new
411,2560874-mindwitness,Mindwitness,MPMotM,5,20.0,0.0,0.0,0.0,0.0,0.0,0.0,0.0,20.0,0.0,0.0,0.0,16.0,0.0,5.0,new
412,2560875-moloch,Moloch,MPMotM,21,67.0,0.0,0.0,52.0,34.0,26.0,0.0,0.0,0.0,0.0,22.0,0.0,0.0,0.0,21.0,new
413,2560877-molydeus,Molydeus,MPMotM,21,62.0,0.0,0.0,0.0,124.0,0.0,25.5,0.0,0.0,0.0,0.0,0.0,0.0,0.0,21.0,new
414,2560878-morkoth,Morkoth,MPMotM,11,31.0,0.0,0.0,0.0,0.0,0.0,0.0,0.0,10.5,0.0,0.0,62.0,0.0,9.0,11.0,new
415,2560879-mouth-of-grolantor,Mouth of Grolantor,MPMotM,6,18.5,0.0,0.0,0.0,0.0,0.0,0.0,0.0,0.0,0.0,0.0,18.5,15.5,0.0,6.0,new
416,2560880-nabassu,Nabassu,MPMotM,15,79.5,0.0,0.0,0.0,56.0,0.0,103.0,0.0,0.0,0.0,0.0,0.0,0.0,0.0,15.0,new
417,2560881-nagpa,Nagpa,MPMotM,17,33.5,0.0,0.0,0.0,0.0,0.0,79.5,0.0,0.0,0.0,0.0,18.0,0.0,0.0,17.0,new
418,2560882-narzugon,Narzugon,MPMotM,13,84.0,0.0,0.0,66.0,0.0,0.0,0.0,0.0,0.0,0.0,0.0,0.0,46.0,0.0,13.0,new
419,2560884-neogi-hatchling,Neogi Hatchling,MPMotM,1/8,7.0,0.0,0.0,0.0,0.0,0.0,0.0,3.5,0.0,0.0,0.0,0.0,3.5,0.0,0.125,new
420,2560886-neogi,Neogi,MPMotM,3,36.5,0.0,0.0,0.0,0.0,0.0,0.0,28.0,0.0,0.0,0.0,0.0,13.0,24.0,3.0,new
421,2560885-neogi-master,Neogi Master,MPMotM,4,20.5,0.0,0.0,0.0,0.0,0.0,14.5,28.0,0.0,0.0,0.0,0.0,21.0,0.0,4.0,new
422,2560887-neothelid,Neothelid,MPMotM,13,53.5,56.0,0.0,0.0,0.0,0.0,0.0,0.0,11.0,0.0,0.0,21.5,0.0,0.0,13.0,new
423,2560888-nightwalker,Nightwalker,MPMotM,20,39.0,0.0,0.0,0.0,0.0,0.0,39.0,0.0,0.0,0.0,0.0,0.0,0.0,0.0,20.0,new
424,2560889-nilbog,Nilbog,MPMotM,1,5.5,0.0,0.0,0.0,0.0,0.0,0.0,0.0,5.0,0.0,0.0,5.5,0.0,0.0,1.0,new
425,2560890-nupperibo,Nupperibo,MPMotM,1/2,6.5,0.0,0.0,0.0,0.0,0.0,0.0,0.0,0.0,0.0,0.0,0.0,6.5,0.0,0.5,new
426,2560891-oblex-spawn,Oblex Spawn,MPMotM,1/4,8.0,0.0,0.0,0.0,0.0,0.0,0.0,0.0,2.5,0.0,0.0,5.5,0.0,0.0,0.25,new
427,2560714-adult-oblex,Adult Oblex,MPMotM,5,18.0,0.0,0.0,0.0,0.0,0.0,0.0,0.0,32.0,0.0,0.0,22.0,0.0,0.0,5.0,new
428,2560804-elder-oblex,Elder Oblex,MPMotM,10,44.0,0.0,0.0,0.0,0.0,0.0,0.0,0.0,102.0,0.0,0.0,17.0,0.0,0.0,10.0,new
429,2560892-ogre-battering-ram,Ogre Battering Ram,MPMotM,4,30.0,0.0,0.0,0.0,0.0,0.0,0.0,0.0,0.0,0.0,0.0,45.0,0.0,0.0,4.0,new
430,2560893-ogre-bolt-launcher,Ogre Bolt Launcher,MPMotM,2,17.5,0.0,0.0,0.0,0.0,0.0,0.0,0.0,0.0,0.0,0.0,9.0,17.5,0.0,2.0,new
431,2560894-ogre-chain-brute,Ogre Chain Brute,MPMotM,3,9.0,0.0,0.0,0.0,0.0,0.0,0.0,0.0,0.0,0.0,0.0,9.0,0.0,0.0,3.0,new
432,2560895-ogre-howdah,Ogre Howdah,MPMotM,2,11.0,0.0,0.0,0.0,0.0,0.0,0.0,0.0,0.0,0.0,0.0,11.0,0.0,0.0,2.0,new
433,2560896-oinoloth,Oinoloth,MPMotM,12,36.5,0.0,0.0,0.0,0.0,0.0,44.0,0.0,0.0,0.0,0.0,0.0,0.0,29.0,12.0,new
434,2560897-orcus,Orcus,MPMotM,26,37.5,0.0,0.0,0.0,21.5,0.0,55.5,9.0,0.0,0.0,0.0,49.0,0.0,0.0,26.0,new
435,2560898-orthon,Orthon,MPMotM,10,14.0,0.0,0.0,0.0,14.0,0.0,0.0,0.0,0.0,0.0,0.0,0.0,0.0,0.0,10.0,new
436,2560900-phoenix,Phoenix,MPMotM,16,32.0,0.0,0.0,64.0,0.0,0.0,0.0,0.0,0.0,0.0,0.0,0.0,0.0,0.0,16.0,new
437,17299-quickling,Quickling,MPMotM,1,25.5,0.0,0.0,0.0,0.0,0.0,0.0,0.0,0.0,0.0,0.0,0.0,34.0,0.0,1.0,new
438,17300-redcap,Redcap,MPMotM,3,27.0,0.0,0.0,0.0,0.0,0.0,0.0,0.0,0.0,0.0,0.0,20.5,0.0,36.0,3.0,new
439,2560904-retriever,Retriever,MPMotM,14,27.5,0.0,0.0,0.0,55.0,0.0,0.0,0.0,0.0,0.0,0.0,0.0,0.0,15.0,14.0,new
440,2560906-rutterkin,Rutterkin,MPMotM,2,12.5,0.0,0.0,0.0,0.0,0.0,0.0,0.0,0.0,0.0,0.0,0.0,12.5,0.0,2.0,new
441,2560908-sea-spawn,Sea Spawn,MPMotM,1,4.5,0.0,0.0,0.0,0.0,0.0,0.0,0.0,0.0,0.0,0.0,4.5,0.0,0.0,1.0,new
442,2560909-shadar-kai-gloom-weaver,Shadar-kai Gloom Weaver,MPMotM,9,33.5,0.0,0.0,0.0,0.0,0.0,52.0,0.0,0.0,0.0,0.0,0.0,15.0,0.0,9.0,new
443,2560910-shadar-kai-shadow-dancer,Shadar-kai Shadow Dancer,MPMotM,7,0.0,0.0,0.0,0.0,0.0,0.0,0.0,0.0,0.0,0.0,0.0,0.0,0.0,0.0,7.0,new
444,2560911-shadar-kai-soul-monger,Shadar-kai Soul Monger,MPMotM,11,32.5,0.0,0.0,0.0,0.0,0.0,39.0,0.0,0.0,0.0,0.0,0.0,26.0,0.0,11.0,new
445,2560913-shadow-mastiff,Shadow Mastiff,MPMotM,2,10.0,0.0,0.0,0.0,0.0,0.0,0.0,0.0,0.0,0.0,0.0,0.0,10.0,0.0,2.0,new
446,2560912-shadow-mastiff-alpha,Shadow Mastiff Alpha,MPMotM,3,10.0,0.0,0.0,0.0,0.0,0.0,0.0,0.0,0.0,0.0,0.0,0.0,10.0,0.0,3.0,new
447,2560914-shoosuva,Shoosuva,MPMotM,8,39.0,0.0,0.0,0.0,0.0,0.0,0.0,0.0,0.0,0.0,0.0,0.0,78.0,0.0,8.0,new
448,2560915-sibriex,Sibriex,MPMotM,18,31.5,63.0,0.0,0.0,20.0,0.0,0.0,0.0,0.0,0.0,0.0,0.0,0.0,0.0,18.0,new
449,2560916-skulk,Skulk,MPMotM,1/2,10.0,0.0,0.0,0.0,0.0,0.0,3.5,0.0,0.0,0.0,0.0,0.0,0.0,6.5,0.5,new
450,2560917-skull-lord,Skull Lord,MPMotM,15,28.5,0.0,0.0,0.0,0.0,0.0,69.5,0.0,0.0,0.0,0.0,15.0,0.0,0.0,15.0,new
451,2560918-slithering-tracker,Slithering Tracker,MPMotM,3,16.5,0.0,0.0,0.0,0.0,0.0,16.5,0.0,0.0,0.0,0.0,8.5,0.0,0.0,3.0,new
452,2560721-angry-sorrowsworn,Angry Sorrowsworn,MPMotM,13,32.0,0.0,0.0,0.0,0.0,0.0,0.0,0.0,0.0,0.0,0.0,0.0,48.0,0.0,13.0,new
453,2560849-hungry-sorrowsworn,Hungry Sorrowsworn,MPMotM,11,40.0,0.0,0.0,0.0,0.0,0.0,27.0,0.0,0.0,0.0,0.0,0.0,17.0,36.0,11.0,new
454,2560862-lonely-sorrowsworn,Lonely Sorrowsworn,MPMotM,9,39.0,0.0,0.0,0.0,0.0,0.0,0.0,0.0,36.0,0.0,0.0,0.0,42.0,0.0,9.0,new
455,2560863-lost-sorrowsworn,Lost Sorrowsworn,MPMotM,7,52.0,0.0,0.0,0.0,0.0,0.0,0.0,0.0,27.0,0.0,0.0,0.0,67.0,0.0,7.0,new
456,2560963-wretched-sorrowsworn,Wretched Sorrowsworn,MPMotM,1/4,13.0,0.0,0.0,0.0,0.0,0.0,6.5,0.0,0.0,0.0,0.0,0.0,6.5,0.0,0.25,new
457,2560919-spawn-of-kyuss,Spawn of Kyuss,MPMotM,5,13.5,0.0,0.0,0.0,0.0,0.0,7.0,0.0,0.0,0.0,0.0,0.0,0.0,6.5,5.0,new
458,2560922-star-spawn-grue,Star Spawn Grue,MPMotM,1/4,6.0,0.0,0.0,0.0,0.0,0.0,0.0,0.0,0.0,0.0,0.0,0.0,6.0,0.0,0.25,new
459,2560923-star-spawn-hulk,Star Spawn Hulk,MPMotM,10,28.0,0.0,0.0,0.0,0.0,0.0,0.0,0.0,0.0,0.0,0.0,42.0,0.0,0.0,10.0,new
460,2560924-star-spawn-larva-mage,Star Spawn Larva Mage,MPMotM,16,22.5,0.0,0.0,0.0,39.0,0.0,22.5,0.0,0.0,0.0,0.0,7.5,0.0,0.0,16.0,new
461,2560925-star-spawn-mangler,Star Spawn Mangler,MPMotM,5,0.0,0.0,0.0,0.0,0.0,0.0,0.0,0.0,0.0,0.0,0.0,0.0,0.0,0.0,5.0,new
462,2560926-star-spawn-seer,Star Spawn Seer,MPMotM,13,57.0,0.0,0.0,0.0,0.0,0.0,0.0,0.0,81.5,0.0,0.0,31.5,0.0,0.0,13.0,new
463,2560808-female-steeder,Female Steeder,MPMotM,1,16.5,0.0,0.0,0.0,0.0,0.0,0.0,9.0,0.0,0.0,0.0,0.0,7.5,0.0,1.0,new
464,2560864-male-steeder,Male Steeder,MPMotM,1/4,11.0,0.0,0.0,0.0,0.0,0.0,0.0,4.5,0.0,0.0,0.0,0.0,6.5,0.0,0.25,new
465,2560927-steel-predator,Steel Predator,MPMotM,16,33.0,0.0,0.0,0.0,16.0,36.0,0.0,0.0,0.0,0.0,33.0,0.0,0.0,0.0,16.0,new
466,2560930-stone-cursed,Stone Cursed,MPMotM,1,0.0,0.0,0.0,0.0,0.0,0.0,0.0,0.0,0.0,0.0,0.0,0.0,0.0,0.0,1.0,new
467,2560931-stone-giant-dreamwalker,Stone Giant Dreamwalker,MPMotM,10,48.0,0.0,0.0,0.0,0.0,0.0,0.0,0.0,0.0,0.0,0.0,94.5,0.0,0.0,10.0,new
468,2560932-storm-giant-quintessent,Storm Giant Quintessent,MPMotM,16,81.0,0.0,0.0,0.0,19.5,121.5,0.0,0.0,0.0,0.0,0.0,0.0,0.0,0.0,16.0,new
469,2560935-swarm-of-rot-grubs,Swarm of Rot Grubs,MPMotM,1/2,10.5,0.0,0.0,0.0,0.0,0.0,0.0,3.5,0.0,0.0,0.0,0.0,7.0,0.0,0.5,new
470,2560936-swashbuckler,Swashbuckler,MPMotM,3,23.5,0.0,0.0,0.0,0.0,0.0,0.0,0.0,0.0,0.0,0.0,0.0,38.5,0.0,3.0,new
471,2407570-sword-wraith-commander,Sword Wraith Commander,MPMotM,8,19.0,0.0,0.0,0.0,0.0,0.0,0.0,0.0,0.0,0.0,0.0,0.0,6.5,28.5,8.0,new
472,2407571-sword-wraith-warrior,Sword Wraith Warrior,MPMotM,3,9.5,0.0,0.0,0.0,0.0,0.0,0.0,0.0,0.0,0.0,0.0,0.0,5.5,9.5,3.0,new
473,2560937-tanarukk,Tanarukk,MPMotM,5,19.5,0.0,0.0,0.0,0.0,0.0,0.0,0.0,0.0,0.0,0.0,0.0,17.0,22.0,5.0,new
474,2560939-titivilus,Titivilus,MPMotM,16,26.0,0.0,0.0,0.0,19.0,0.0,33.0,0.0,0.0,0.0,0.0,0.0,0.0,0.0,16.0,new
475,2560940-tlincalli,Tlincalli,MPMotM,5,29.0,0.0,0.0,0.0,0.0,0.0,0.0,28.0,0.0,0.0,0.0,0.0,19.5,17.0,5.0,new
476,2560942-tortle,Tortle,MPMotM,1/4,6.5,0.0,0.0,0.0,0.0,0.0,0.0,0.0,0.0,0.0,0.0,0.0,11.0,4.5,0.25,new
477,2560941-tortle-druid,Tortle Druid,MPMotM,2,9.0,0.0,0.0,0.0,0.0,0.0,0.0,0.0,0.0,0.0,0.0,0.0,0.0,4.5,2.0,new
478,2560944-trapper,Trapper,MPMotM,3,17.0,3.5,0.0,0.0,0.0,0.0,0.0,0.0,0.0,0.0,0.0,13.5,0.0,0.0,3.0,new
479,2560777-dire-troll,Dire Troll,MPMotM,13,82.0,0.0,0.0,0.0,0.0,0.0,0.0,11.0,0.0,0.0,0.0,0.0,21.0,126.5,13.0,new
480,2560905-rot-troll,Rot Troll,MPMotM,9,62.0,0.0,0.0,0.0,0.0,0.0,54.0,0.0,0.0,0.0,0.0,0.0,19.0,33.0,9.0,new
481,2560920-spirit-troll,Spirit Troll,MPMotM,11,58.5,0.0,0.0,0.0,0.0,0.0,0.0,0.0,97.5,0.0,0.0,0.0,0.0,0.0,11.0,new
482,2560951-venom-troll,Venom Troll,MPMotM,7,43.0,0.0,0.0,0.0,0.0,0.0,0.0,22.5,0.0,0.0,0.0,0.0,15.0,33.0,7.0,new
483,2560945-ulitharid,Ulitharid,MPMotM,9,55.0,0.0,0.0,0.0,0.0,0.0,0.0,0.0,58.0,0.0,0.0,0.0,55.0,0.0,9.0,new
484,2560946-vampiric-mist,Vampiric Mist,MPMotM,3,0.0,0.0,0.0,0.0,0.0,0.0,0.0,0.0,0.0,0.0,0.0,0.0,0.0,0.0,3.0,new
485,2560947-vargouille,Vargouille,MPMotM,1,16.0,0.0,0.0,0.0,0.0,0.0,0.0,10.5,0.0,0.0,0.0,0.0,5.5,0.0,1.0,new
486,2560949-vegepygmy,Vegepygmy,MPMotM,1/4,5.5,0.0,0.0,0.0,0.0,0.0,0.0,0.0,0.0,0.0,0.0,4.5,0.0,5.5,0.25,new
487,2560948-vegepygmy-chief,Vegepygmy Chief,MPMotM,2,13.0,0.0,0.0,0.0,0.0,0.0,0.0,9.0,0.0,0.0,0.0,0.0,19.5,5.5,2.0,new
488,2560938-thorny-vegepygmy,Thorny Vegepygmy,MPMotM,1,10.0,0.0,0.0,0.0,0.0,0.0,0.0,0.0,0.0,0.0,0.0,0.0,10.0,0.0,1.0,new
489,2560952-war-priest,War Priest,MPMotM,9,20.5,0.0,0.0,0.0,0.0,0.0,0.0,0.0,0.0,21.0,0.0,20.0,0.0,0.0,9.0,new
490,2560953-warlock-of-the-archfey,Warlock of the Archfey,MPMotM,4,14.5,0.0,0.0,0.0,14.0,0.0,0.0,0.0,9.0,0.0,0.0,0.0,15.0,0.0,4.0,new
491,2560954-warlock-of-the-fiend,Warlock of the Fiend,MPMotM,7,27.5,0.0,0.0,44.5,0.0,0.0,11.0,0.0,0.0,0.0,0.0,0.0,0.0,13.0,7.0,new
492,2560955-warlock-of-the-great-old-one,Warlock of the Great Old One,MPMotM,6,16.0,0.0,0.0,0.0,0.0,0.0,0.0,0.0,21.0,0.0,0.0,0.0,11.0,0.0,6.0,new
493,2560956-warlord,Warlord,MPMotM,12,24.0,0.0,0.0,0.0,0.0,0.0,0.0,0.0,0.0,0.0,0.0,0.0,6.5,36.0,12.0,new
494,2560957-wastrilith,Wastrilith,MPMotM,13,30.0,0.0,0.0,0.0,0.0,0.0,0.0,0.0,0.0,0.0,0.0,0.0,30.0,18.0,13.0,new
495,2560723-apprentice-wizard,Apprentice Wizard,MPMotM,1/4,7.5,0.0,0.0,0.0,7.5,0.0,0.0,0.0,0.0,0.0,0.0,0.0,0.0,0.0,0.25,new
496,2560712-abjurer-wizard,Abjurer Wizard,MPMotM,9,20.5,0.0,0.0,0.0,41.0,0.0,0.0,0.0,0.0,0.0,0.0,0.0,0.0,0.0,9.0,new
497,2560761-conjurer-wizard,Conjurer Wizard,MPMotM,6,19.5,0.0,0.0,0.0,39.0,0.0,0.0,0.0,0.0,0.0,0.0,0.0,0.0,0.0,6.0,new
498,2560778-diviner-wizard,Diviner Wizard,MPMotM,8,20.5,0.0,0.0,0.0,0.0,0.0,0.0,0.0,0.0,41.0,0.0,0.0,0.0,0.0,8.0,new
499,2560806-enchanter-wizard,Enchanter Wizard,MPMotM,5,19.5,0.0,0.0,0.0,0.0,0.0,0.0,0.0,39.0,0.0,0.0,0.0,0.0,0.0,5.0,new
500,2560807-evoker-wizard,Evoker Wizard,MPMotM,9,25.0,0.0,0.0,0.0,50.0,0.0,0.0,0.0,0.0,0.0,0.0,0.0,0.0,0.0,9.0,new
501,2560852-illusionist-wizard,Illusionist Wizard,MPMotM,3,14.0,0.0,0.0,0.0,0.0,0.0,0.0,0.0,28.0,0.0,0.0,0.0,0.0,0.0,3.0,new
502,2560883-necromancer-wizard,Necromancer Wizard,MPMotM,9,25.0,0.0,0.0,0.0,0.0,0.0,50.0,0.0,0.0,0.0,0.0,0.0,0.0,0.0,9.0,new
503,2560943-transmuter-wizard,Transmuter Wizard,MPMotM,5,19.5,39.0,0.0,0.0,0.0,0.0,0.0,0.0,0.0,0.0,0.0,0.0,0.0,0.0,5.0,new
504,2560962-wood-woad,Wood Woad,MPMotM,5,28.0,0.0,0.0,0.0,42.0,0.0,0.0,0.0,0.0,0.0,0.0,0.0,0.0,0.0,5.0,new
505,2560965-xvart,Xvart,MPMotM,1/8,5.5,0.0,0.0,0.0,0.0,0.0,0.0,0.0,0.0,0.0,0.0,4.5,5.5,0.0,0.125,new
506,2560964-xvart-warlock-of-raxivort,Xvart Warlock of Raxivort,MPMotM,1,7.5,0.0,0.0,0.0,0.0,0.0,0.0,15.0,0.0,0.0,0.0,0.0,0.0,5.5,1.0,new
507,2560966-yagnoloth,Yagnoloth,MPMotM,11,35.5,0.0,0.0,0.0,23.5,27.0,35.5,0.0,0.0,0.0,0.0,0.0,0.0,0.0,11.0,new
508,2560967-yeenoghu,Yeenoghu,MPMotM,24,20.0,20.0,0.0,0.0,0.0,0.0,0.0,0.0,0.0,0.0,0.0,0.0,0.0,0.0,24.0,new
509,2560968-yeth-hound,Yeth Hound,MPMotM,4,25.0,0.0,0.0,0.0,0.0,0.0,0.0,0.0,14.0,0.0,0.0,0.0,11.0,0.0,4.0,new
510,2560970-yuan-ti-anathema,Yuan-ti Anathema,MPMotM,12,47.0,14.0,0.0,0.0,0.0,0.0,0.0,28.0,0.0,0.0,0.0,33.0,54.0,13.0,12.0,new
511,2560971-yuan-ti-broodguard,Yuan-ti Broodguard,MPMotM,2,17.5,0.0,0.0,0.0,0.0,0.0,0.0,0.0,0.0,0.0,0.0,0.0,13.0,16.5,2.0,new
512,2560972-yuan-ti-mind-whisperer,Yuan-ti Mind Whisperer,MPMotM,4,16.5,0.0,0.0,0.0,0.0,0.0,0.0,7.0,33.0,0.0,0.0,0.0,5.5,6.5,4.0,new
513,2560973-yuan-ti-nightmare-speaker,Yuan-ti Nightmare Speaker,MPMotM,4,16.5,0.0,0.0,0.0,0.0,0.0,33.0,0.0,0.0,0.0,0.0,10.0,0.0,6.5,4.0,new
514,2560974-yuan-ti-pit-master,Yuan-ti Pit Master,MPMotM,5,16.5,0.0,0.0,0.0,0.0,0.0,0.0,40.0,0.0,0.0,0.0,0.0,5.5,0.0,5.0,new
515,2560975-zaratan,Zaratan,MPMotM,22,54.5,0.0,0.0,0.0,93.0,0.0,0.0,0.0,0.0,0.0,53.0,0.0,0.0,0.0,22.0,new
516,2560976-zariel,Zariel,MPMotM,26,55.0,0.0,0.0,108.0,17.0,0.0,44.0,0.0,0.0,38.0,0.0,0.0,0.0,0.0,26.0,new
517,2560977-zuggtmoy,Zuggtmoy,MPMotM,23,24.0,0.0,0.0,0.0,30.0,0.0,0.0,18.0,0.0,0.0,0.0,0.0,0.0,0.0,23.0,new
