Book,Page,Type,Category,Legendary,CR,PB
MOoT,219.0,fiend,generic,N,9.0,4
MToF,160.0,fiend,generic,N,7.0,3
MToF,161.0,fiend,generic,N,17.0,6
MToF,162.0,fiend,generic,N,15.0,5
MToF,162.0,fiend,generic,N,19.0,6
MToF,163.0,fiend,generic,N,6.0,3
VGtM,209.0,humanoid,generic,N,9.0,4
MM,13.0,aberration,legendary,LL,10.0,4
ToA,209.0,undead,unique,L,23.0,7
PotA,193.0,humanoid,unique,LL,7.0,3
PotA,193.0,humanoid,unique,L,7.0,3
WDH,193.0,humanoid,unique,N,9.0,4
MM,124.0,elemental,generic,N,5.0,3
PotA,212.0,elemental,generic,N,7.0,3
MOoT,228.0,humanoid,generic,N,3.0,2
ToA,210.0,monstrosity,generic,N,1.0,2
VGtM,172.0,undead,generic,N,10.0,4
MToF,130.0,fiend,generic,N,11.0,4
MToF,116.0,undead,generic,N,5.0,3
MM,79.0,beast,generic,N,2.0,2
MOoT,235.0,fey,generic,N,1.0,2
WDH,193.0,humanoid,unique,N,5.0,3
MToF,163.0,fiend,generic,N,18.0,6
TftYP,84.0,beast,generic,N,3.0,2
BGDiA,30.0,humanoid,unique,N,3.0,2
GGtR,191.0,celestial,generic,N,14.0,5
MM,16.0,celestial,generic,N,10.0,4
GGtR,190.0,celestial,generic,N,12.0,4
MM,17.0,celestial,generic,N,16.0,5
MM,19.0,construct,generic,N,1.0,2
CM,24.0,construct,generic,N,1.0,2
WDotMM,262.0,construct,unique,N,4.0,2
TftYP,230.0,construct,generic,N,2.0,2
MM,21.0,monstrosity,generic,N,2.0,2
MM,79.0,beast,generic,N,3.0,2
ToA,240.0,undead,generic,N,3.0,2
MM,323.0,beast,generic,N,7.0,3
MOoT,226.0,monstrosity,legendary,L,5.0,3
MOoT,248.0,monstrosity,unique,LL,21.0,7
MM,313.0,fiend,generic,N,12.0,4
VGtM,210.0,humanoid,generic,N,12.0,4
VGtM,210.0,humanoid,generic,N,3.0,2
MM,342.0,humanoid,generic,N,12.0,4
MOoT,212.0,celestial,legendary,L,12.0,4
GGtR,192.0,celestial,legendary,L,14.0,5
GGtR,193.0,elemental,generic,N,12.0,4
BGDiA,111.0,humanoid,unique,N,16.0,5
MToF,130.0,fiend,generic,N,7.0,3
CM,157.0,humanoid,unique,N,11.0,4
ToA,212.0,humanoid,unique,N,7.0,3
MOoT,213.0,celestial,legendary,L,16.0,5
MM,343.0,humanoid,generic,N,8.0,3
ToA,213.0,plant,generic,N,3.0,2
MToF,117.0,monstrosity,legendary,L,21.0,7
ToA,214.0,undead,legendary,L,13.0,5
GGtR,230.0,celestial,unique,L,23.0,7
IDRotF,275.0,monstrosity,unique,LL,9.0,4
IDRotF,277.0,elemental,unique,LL,10.0,4
IDRotF,278.0,elemental,unique,LL,11.0,4
VGtM,208.0,beast,generic,N,2.0,2
IDRotF,269.0,humanoid,unique,N,7.0,3
MM,317.0,plant,generic,N,2.0,2
IDRotF,82.0,beast,generic,N,3.0,2
HotDQ,88.0,humanoid,unique,N,4.0,2
MM,22.0,elemental,generic,N,2.0,2
CoS,228.0,humanoid,unique,N,11.0,4
CoS,226.0,construct,unique,N,11.0,4
VGtM,136.0,fiend,generic,N,4.0,2
MToF,170.0,fiend,unique,L,19.0,6
MToF,118.0,aberration,legendary,L,11.0,4
MM,55.0,fiend,generic,N,19.0,6
VGtM,122.0,monstrosity,generic,N,5.0,3
MM,344.0,humanoid,generic,N,2.0,2
MM,23.0,undead,generic,N,4.0,2
OotA,235.0,fiend,unique,LL,23.0,7
MToF,143.0,fiend,unique,LL,23.0,7
VGtM,211.0,humanoid,generic,N,2.0,2
VGtM,123.0,fiend,generic,N,4.0,2
MM,56.0,fiend,generic,N,5.0,3
WDH,195.0,humanoid,unique,N,2.0,2
MM,24.0,monstrosity,generic,N,3.0,2
PotA,201.0,humanoid,unique,N,8.0,3
GGtR,189.0,celestial,generic,N,5.0,3
MM,319.0,beast,generic,N,1.0,2
MM,334.0,beast,generic,N,2.0,2
MM,25.0,monstrosity,generic,N,11.0,4
MM,28.0,aberration,legendary,LL,13.0,5
MM,28.0,aberration,legendary,L,13.0,5
BGDiA,115.0,fiend,unique,L,25.0,8
ERftLW,286.0,aberration,unique,LL,22.0,7
ERftLW,286.0,aberration,unique,L,22.0,7
MToF,120.0,aberration,generic,N,2.0,2
MM,344.0,humanoid,generic,N,2.0,2
WDotMM,51.0,elemental,unique,N,8.0,3
IDRotF,306.0,humanoid,unique,N,5.0,3
MM,88.0,dragon,generic,N,2.0,2
MM,88.0,dragon,legendary,L,14.0,5
MM,87.0,dragon,legendary,LL,21.0,7
MM,88.0,dragon,generic,N,7.0,3
SKT,103.0,humanoid,generic,N,2.0,2
PotA,195.0,humanoid,generic,N,2.0,2
PotA,195.0,humanoid,generic,N,3.0,2
BGDiA,232.0,humanoid,generic,N,6.0,3
MM,241.0,ooze,generic,N,4.0,2
WDH,196.0,humanoid,unique,N,5.0,3
VGtM,211.0,humanoid,generic,N,8.0,3
HotDQ,89.0,giant,unique,N,9.0,4
CoS,230.0,plant,generic,N,7.0,3
GGtR,207.0,elemental,generic,N,4.0,2
GGtR,200.0,giant,generic,N,6.0,3
MM,91.0,dragon,generic,N,3.0,2
MM,91.0,dragon,legendary,L,16.0,5
MM,90.0,dragon,legendary,LL,23.0,7
MM,91.0,dragon,generic,N,9.0,4
MM,323.0,beast,generic,N,2.0,2
VGtM,127.0,undead,generic,N,6.0,3
ERftLW,316.0,humanoid,generic,N,5.0,3
MToF,121.0,undead,generic,N,12.0,4
GGtR,238.0,giant,unique,L,18.0,6
WDotMM,171.0,construct,unique,N,16.0,5
IDRotF,278.0,undead,generic,N,3.0,2
MM,106.0,dragon,generic,N,1.0,2
MM,105.0,dragon,legendary,L,13.0,5
MM,104.0,dragon,legendary,LL,20.0,6
MM,105.0,dragon,generic,N,6.0,3
VGtM,139.0,beast,generic,N,5.0,3
MM,109.0,dragon,generic,N,2.0,2
MM,108.0,dragon,legendary,L,15.0,5
MM,107.0,dragon,legendary,LL,22.0,7
MM,108.0,dragon,generic,N,8.0,3
MOoT,210.0,construct,generic,N,1.0,2
MM,33.0,humanoid,generic,N,1.0,2
MM,33.0,humanoid,generic,N,3.0,2
MM,34.0,monstrosity,generic,N,5.0,3
MToF,131.0,fiend,generic,N,3.0,2
GoS,232.0,humanoid,generic,N,2.0,2
GoS,232.0,humanoid,generic,N,3.0,2
MOoT,211.0,construct,generic,N,2.0,2
PotA,196.0,humanoid,generic,N,4.0,2
MToF,122.0,construct,generic,N,14.0,5
MM,36.0,fiend,generic,N,5.0,3
MToF,247.0,fiend,generic,N,8.0,3
HotDQ,89.0,humanoid,unique,N,5.0,3
MM,37.0,monstrosity,generic,N,2.0,2
VGtM,129.0,monstrosity,generic,N,5.0,3
VGtM,130.0,monstrosity,generic,N,3.0,2
MM,38.0,monstrosity,generic,N,2.0,2
TftYP,231.0,undead,generic,N,6.0,3
OotA,,plant,generic,N,2.0,2
VGtM,212.0,humanoid,generic,N,9.0,4
IDRotF,280.0,fiend,generic,N,4.0,2
IDRotF,281.0,construct,unique,N,11.0,4
MM,57.0,fiend,generic,N,6.0,3
SKT,140.0,giant,unique,N,5.0,3
SKT,173.0,monstrosity,unique,N,4.0,2
MM,39.0,monstrosity,generic,N,6.0,3
MOoT,216.0,monstrosity,generic,N,7.0,3
VGtM,132.0,monstrosity,generic,N,3.0,2
MM,40.0,aberration,generic,N,4.0,2
SKT,96.0,dragon,unique,LL,23.0,7
ERftLW,289.0,beast,generic,N,1.0,2
MM,168.0,construct,generic,N,9.0,4
MM,41.0,aberration,generic,N,8.0,3
MM,154.0,giant,generic,N,9.0,4
CM,146.0,undead,generic,N,9.0,4
VGtM,146.0,giant,generic,N,11.0,4
IDRotF,284.0,undead,generic,N,5.0,3
MOoT,218.0,construct,unique,N,23.0,7
VGtM,212.0,humanoid,generic,N,6.0,3
MM,324.0,beast,generic,N,2.0,2
MM,112.0,dragon,generic,N,1.0,2
MM,111.0,dragon,legendary,L,14.0,5
MM,110.0,dragon,legendary,LL,21.0,7
MM,111.0,dragon,generic,N,7.0,3
GoS,236.0,beast,generic,N,4.0,2
MToF,127.0,plant,generic,N,8.0,3
CM,123.0,monstrosity,unique,N,8.0,3
GGtR,242.0,humanoid,generic,N,4.0,2
MM,43.0,celestial,generic,N,4.0,2
SKT,198.0,giant,unique,N,10.0,4
GGtR,242.0,humanoid,generic,N,2.0,2
SKT,192.0,giant,unique,N,11.0,4
TftYP,103.0,beast,unique,N,8.0,3
SKT,240.0,beast,generic,N,5.0,3
SKT,240.0,monstrosity,generic,N,1.0,2
TftYP,235.0,beast,generic,N,2.0,2
MM,132.0,beast,generic,N,5.0,3
BGDiA,230.0,fiend,unique,N,14.0,5
PotA,205.0,humanoid,generic,N,2.0,2
MM,345.0,humanoid,generic,N,2.0,2
MM,45.0,giant,generic,N,6.0,3
GGtR,216.0,giant,generic,N,8.0,3
PotA,205.0,humanoid,generic,N,3.0,2
VGtM,134.0,fey,generic,N,2.0,2
WDH,199.0,humanoid,unique,N,6.0,3
MM,321.0,monstrosity,generic,N,1.0,2
MM,47.0,undead,generic,N,17.0,6
MM,29.0,undead,legendary,LL,14.0,5
MM,29.0,undead,legendary,L,14.0,5
BGDiA,233.0,humanoid,generic,N,5.0,3
VGtM,124.0,aberration,generic,N,10.0,4
MToF,128.0,undead,generic,N,4.0,2
MToF,129.0,undead,generic,N,8.0,3
TftYP,233.0,undead,generic,N,3.0,2
VGtM,135.0,humanoid,generic,N,3.0,2
VGtM,139.0,beast,generic,N,1.0,2
MM,48.0,undead,legendary,LL,18.0,6
MM,48.0,undead,legendary,L,18.0,6
OotA,236.0,fiend,unique,LL,26.0,8
MToF,144.0,fiend,unique,LL,26.0,8
OotA,225.0,humanoid,generic,N,3.0,2
MM,70.0,fiend,generic,N,5.0,3
MM,70.0,fiend,generic,N,3.0,2
MM,71.0,fiend,generic,N,9.0,4
MM,72.0,fiend,generic,N,8.0,3
MM,74.0,fiend,generic,N,11.0,4
MM,75.0,fiend,generic,N,14.0,5
MM,78.0,fiend,generic,N,2.0,2
VGtM,138.0,fiend,generic,N,13.0,5
MToF,248.0,fiend,generic,N,7.0,3
MM,81.0,monstrosity,generic,N,3.0,2
VGtM,213.0,humanoid,generic,N,8.0,3
ERftLW,290.0,aberration,generic,N,3.0,2
MOoT,224.0,giant,generic,N,11.0,4
MM,82.0,monstrosity,generic,N,3.0,2
MM,84.0,undead,legendary,L,17.0,6
VGtM,141.0,fiend,generic,N,7.0,3
FToD,188.0,humanoid,generic,N,5.0,3
FToD,189.0,humanoid,generic,N,2.0,2
MM,119.0,dragon,generic,N,17.0,6
ToA,218.0,humanoid,unique,N,5.0,3
HotDQ,89.0,humanoid,generic,N,1.0,2
RoT,89.0,humanoid,generic,N,5.0,3
RoT,89.0,humanoid,generic,N,7.0,3
RoT,90.0,humanoid,generic,N,2.0,2
HotDQ,90.0,humanoid,unique,N,3.0,2
PotA,209.0,humanoid,unique,N,7.0,3
TftYP,233.0,undead,generic,N,1.0,2
MM,120.0,monstrosity,generic,N,6.0,3
OotA,,humanoid,unique,N,2.0,2
MToF,182.0,humanoid,generic,N,13.0,5
MM,128.0,humanoid,generic,N,5.0,3
MToF,183.0,humanoid,generic,N,18.0,6
WDH,201.0,humanoid,generic,N,4.0,2
MToF,184.0,humanoid,generic,N,9.0,4
MToF,184.0,humanoid,generic,N,14.0,5
MM,129.0,humanoid,generic,N,7.0,3
MToF,186.0,humanoid,legendary,L,20.0,6
MM,129.0,humanoid,generic,N,8.0,3
MToF,187.0,humanoid,generic,N,11.0,4
GoS,233.0,undead,generic,N,3.0,2
GoS,234.0,undead,generic,N,4.0,2
GoS,235.0,undead,generic,N,2.0,2
GoS,235.0,undead,generic,N,9.0,4
MM,346.0,humanoid,generic,N,2.0,2
MM,121.0,fey,generic,N,1.0,2
MM,122.0,humanoid,generic,N,1.0,2
MToF,188.0,humanoid,generic,N,12.0,4
MToF,188.0,construct,generic,N,2.0,2
MToF,189.0,humanoid,generic,N,2.0,2
MToF,189.0,humanoid,generic,N,2.0,2
MToF,190.0,construct,generic,N,3.0,2
TftYP,234.0,humanoid,generic,N,2.0,2
OotA,227.0,humanoid,generic,N,2.0,2
MToF,192.0,humanoid,generic,N,6.0,3
OotA,228.0,humanoid,generic,N,2.0,2
BGDiA,38.0,humanoid,unique,N,4.0,2
WDH,203.0,humanoid,unique,N,9.0,4
ERftLW,292.0,fey,generic,N,6.0,3
BR,,elemental,generic,N,5.0,3
MToF,132.0,fiend,generic,N,4.0,2
ERftLW,288.0,aberration,unique,LL,24.0,7
IDRotF,270.0,humanoid,unique,N,4.0,2
IDRotF,270.0,construct,unique,N,1.0,2
MM,324.0,beast,generic,N,1.0,2
MM,124.0,elemental,generic,N,5.0,3
PotA,212.0,elemental,generic,N,7.0,3
MOoT,220.0,fiend,generic,N,6.0,3
ToA,219.0,monstrosity,generic,N,1.0,2
MToF,193.0,undead,generic,N,12.0,4
MToF,195.0,fey,generic,N,10.0,4
MToF,196.0,fey,generic,N,10.0,4
MToF,196.0,fey,generic,N,10.0,4
MToF,197.0,fey,generic,N,10.0,4
VGtM,174.0,aberration,legendary,LL,14.0,5
MToF,200.0,elemental,legendary,L,23.0,7
MM,322.0,beast,generic,N,4.0,2
PotA,202.0,humanoid,unique,N,5.0,3
MM,325.0,beast,generic,N,2.0,2
MM,130.0,celestial,legendary,L,23.0,7
VGtM,213.0,humanoid,generic,N,5.0,3
MM,73.0,fiend,generic,N,12.0,4
PotA,200.0,humanoid,generic,N,2.0,2
PotA,200.0,humanoid,generic,N,3.0,2
MM,131.0,monstrosity,generic,N,2.0,2
MM,132.0,giant,generic,N,4.0,2
VGtM,214.0,humanoid,generic,N,9.0,4
CoS,230.0,humanoid,unique,N,8.0,3
PotA,207.0,humanoid,generic,N,2.0,2
PotA,189.0,humanoid,generic,N,1.0,2
GGtR,199.0,celestial,generic,N,5.0,3
MM,125.0,elemental,generic,N,5.0,3
PotA,213.0,elemental,generic,N,7.0,3
MM,154.0,giant,generic,N,9.0,4
VGtM,147.0,giant,generic,N,14.0,5
GGtR,231.0,humanoid,generic,N,7.0,3
VGtM,143.0,humanoid,generic,N,1.0,2
VGtM,144.0,elemental,generic,N,3.0,2
MM,134.0,undead,generic,N,4.0,2
PotA,201.0,humanoid,generic,N,6.0,3
MOoT,223.0,monstrosity,legendary,L,3.0,2
MM,169.0,construct,generic,N,5.0,3
BGDiA,236.0,construct,generic,N,8.0,3
GGtR,242.0,humanoid,generic,N,5.0,3
GGtR,208.0,elemental,generic,N,7.0,3
GGtR,203.0,aberration,generic,N,3.0,2
MM,136.0,giant,generic,N,8.0,3
OotA,238.0,fiend,unique,LL,23.0,7
MToF,146.0,fiend,unique,LL,23.0,7
VGtM,145.0,monstrosity,generic,N,10.0,4
IDRotF,288.0,humanoid,generic,N,5.0,3
MM,155.0,giant,generic,N,8.0,3
VGtM,148.0,giant,generic,N,12.0,4
IDRotF,288.0,undead,generic,N,6.0,3
HotDQ,90.0,humanoid,unique,N,2.0,2
MM,139.0,elemental,generic,N,6.0,3
IDRotF,301.0,construct,generic,N,3.0,2
GGtR,243.0,humanoid,generic,N,5.0,3
GGtR,209.0,elemental,generic,N,1.0,2
PotA,208.0,humanoid,unique,LL,9.0,4
PotA,208.0,humanoid,unique,L,9.0,4
MM,140.0,elemental,generic,N,2.0,2
VGtM,125.0,aberration,generic,N,6.0,3
MM,242.0,ooze,generic,N,2.0,2
MM,143.0,elemental,generic,N,11.0,4
MM,144.0,elemental,generic,N,11.0,4
MM,145.0,elemental,generic,N,11.0,4
MM,146.0,elemental,generic,N,11.0,4
MToF,172.0,fiend,unique,LL,22.0,7
PotA,209.0,humanoid,unique,N,7.0,3
MM,148.0,undead,generic,N,2.0,2
MM,147.0,undead,generic,N,4.0,2
GGtR,245.0,undead,unique,L,8.0,3
MOoT,222.0,undead,generic,N,5.0,3
MM,148.0,undead,generic,N,1.0,2
ToA,221.0,elemental,generic,N,10.0,4
TftYP,236.0,beast,generic,N,4.0,2
MM,157.0,aberration,generic,N,2.0,2
BGDiA,65.0,undead,unique,N,6.0,3
MToF,204.0,humanoid,generic,N,3.0,2
CM,27.0,aberration,generic,N,2.0,2
VGtM,152.0,monstrosity,generic,N,4.0,2
ToA,240.0,undead,generic,N,3.0,2
MToF,204.0,humanoid,generic,N,10.0,4
MToF,205.0,humanoid,generic,N,12.0,4
MM,160.0,humanoid,generic,N,8.0,3
MToF,206.0,humanoid,legendary,L,14.0,5
MM,160.0,humanoid,generic,N,3.0,2
MToF,207.0,humanoid,legendary,LL,16.0,5
MToF,208.0,humanoid,generic,N,10.0,4
MM,161.0,humanoid,generic,N,2.0,2
MM,161.0,humanoid,generic,N,6.0,3
MM,58.0,fiend,generic,N,9.0,4
MM,399.0,humanoid,generic,N,5.0,3
GGtR,215.0,undead,generic,N,8.0,3
MToF,224.0,humanoid,generic,N,9.0,4
MM,163.0,fiend,generic,N,4.0,2
VGtM,154.0,humanoid,generic,N,1.0,2
VGtM,153.0,humanoid,generic,N,9.0,4
MM,163.0,humanoid,generic,N,2.0,2
IDRotF,290.0,undead,generic,N,8.0,3
IDRotF,304.0,aberration,generic,N,5.0,3
MM,166.0,humanoid,generic,N,1.0,2
VGtM,182.0,humanoid,generic,N,1.0,2
MM,115.0,dragon,generic,N,3.0,2
MM,114.0,dragon,legendary,L,17.0,6
MM,113.0,dragon,legendary,LL,24.0,7
MM,115.0,dragon,generic,N,10.0,4
MOoT,221.0,construct,generic,N,5.0,3
GGtR,236.0,humanoid,generic,N,5.0,3
IDRotF,292.0,humanoid,generic,N,3.0,2
IDRotF,293.0,humanoid,generic,N,8.0,3
MM,171.0,monstrosity,generic,N,5.0,3
MM,59.0,fiend,generic,N,17.0,6
IDRotF,176.0,humanoid,unique,N,2.0,2
WDotMM,244.0,ooze,unique,N,8.0,3
MToF,209.0,monstrosity,generic,N,12.0,4
OotA,248.0,fiend,unique,LL,24.0,7
MToF,149.0,fiend,unique,LL,24.0,7
MM,94.0,dragon,legendary,L,15.0,5
MM,93.0,dragon,legendary,LL,22.0,7
MM,94.0,dragon,generic,N,8.0,3
MM,172.0,aberration,generic,N,3.0,2
MM,173.0,monstrosity,generic,N,2.0,2
MM,173.0,monstrosity,generic,N,7.0,3
MM,174.0,monstrosity,generic,N,2.0,2
WDH,197.0,humanoid,generic,N,2.0,2
OotA,,humanoid,unique,N,2.0,2
VGtM,157.0,humanoid,generic,N,2.0,2
VGtM,157.0,humanoid,generic,N,1.0,2
VGtM,158.0,dragon,generic,N,2.0,2
VGtM,158.0,dragon,generic,N,2.0,2
HotDQ,91.0,dragon,generic,N,2.0,2
VGtM,158.0,dragon,generic,N,2.0,2
VGtM,158.0,dragon,generic,N,2.0,2
VGtM,158.0,dragon,generic,N,2.0,2
GGtR,201.0,giant,generic,N,8.0,3
BR,,monstrosity,generic,N,4.0,2
IDRotF,305.0,humanoid,unique,N,5.0,3
VGtM,159.0,fey,generic,N,6.0,3
VGtM,160.0,fey,generic,N,7.0,3
MM,177.0,fey,generic,N,3.0,2
MM,179.0,fey,generic,N,2.0,2
WDotMM,310.0,humanoid,unique,LL,23.0,7
MM,238.0,giant,generic,N,1.0,2
MM,180.0,humanoid,generic,N,5.0,3
MM,181.0,monstrosity,generic,N,1.0,2
GoS,237.0,monstrosity,generic,N,5.0,3
MM,182.0,fiend,generic,N,3.0,2
PotA,198.0,humanoid,unique,N,5.0,3
MToF,165.0,construct,generic,N,16.0,5
BGDiA,236.0,fiend,generic,N,5.0,3
MM,183.0,construct,generic,N,4.0,2
MM,60.0,fiend,generic,N,8.0,3
MM,155.0,giant,generic,N,5.0,3
MM,184.0,monstrosity,generic,N,1.0,2
WDH,204.0,humanoid,unique,L,16.0,5
MM,186.0,humanoid,generic,N,3.0,2
VGtM,161.0,humanoid,generic,N,4.0,2
VGtM,162.0,humanoid,generic,N,2.0,2
MM,187.0,humanoid,generic,N,6.0,3
BGDiA,237.0,celestial,generic,N,5.0,3
MM,189.0,monstrosity,generic,N,3.0,2
GGtR,253.0,humanoid,generic,N,1.0,2
MToF,210.0,fiend,generic,N,8.0,3
PotA,190.0,humanoid,generic,N,2.0,2
WDH,205.0,humanoid,unique,N,5.0,3
MOoT,225.0,giant,generic,N,15.0,5
PotA,191.0,humanoid,generic,N,2.0,2
MToF,174.0,fiend,unique,L,21.0,7
GGtR,217.0,humanoid,generic,N,2.0,2
GGtR,217.0,humanoid,generic,N,2.0,2
GGtR,217.0,humanoid,generic,N,1.0,2
GGtR,218.0,humanoid,generic,N,1.0,2
MM,190.0,monstrosity,generic,N,8.0,3
MOoT,231.0,monstrosity,generic,N,12.0,4
MToF,249.0,fiend,generic,N,9.0,4
MM,326.0,beast,generic,N,1.0,2
MOoT,252.0,monstrosity,unique,LL,17.0,6
RoT,90.0,monstrosity,generic,N,1.0,2
TftYP,235.0,monstrosity,generic,N,3.0,2
VGtM,214.0,humanoid,generic,N,3.0,2
PotA,214.0,elemental,unique,LL,19.0,6
CM,165.0,humanoid,generic,N,5.0,3
MM,76.0,fiend,generic,N,1.0,2
MM,285.0,fiend,generic,N,4.0,2
GGtR,206.0,undead,generic,N,1.0,2
ERftLW,294.0,humanoid,generic,N,2.0,2
MM,191.0,aberration,generic,N,2.0,2
MM,192.0,elemental,generic,N,6.0,3
MToF,125.0,construct,generic,N,4.0,2
BGDiA,232.0,humanoid,generic,N,2.0,2
ERftLW,293.0,construct,generic,N,1.0,2
MM,170.0,construct,generic,N,16.0,5
IDRotF,307.0,humanoid,unique,N,8.0,3
GGtR,227.0,monstrosity,unique,L,21.0,7
WDH,199.0,humanoid,unique,N,8.0,3
OotA,226.0,aberration,generic,N,2.0,2
CoS,232.0,humanoid,unique,N,5.0,3
CM,166.0,humanoid,unique,N,8.0,3
WDH,205.0,humanoid,unique,N,4.0,2
HotDQ,91.0,humanoid,unique,N,1.0,2
GGtR,235.0,undead,unique,L,22.0,7
WDH,206.0,humanoid,unique,L,15.0,5
IDRotF,305.0,humanoid,unique,N,5.0,3
MToF,151.0,fiend,unique,LL,23.0,7
OotA,243.0,fiend,unique,LL,23.0,7
TftYP,45.0,humanoid,unique,N,2.0,2
ERftLW,306.0,aberration,generic,N,19.0,6
TftYP,238.0,monstrosity,unique,N,3.0,2
ToA,225.0,monstrosity,generic,N,4.0,2
ERftLW,295.0,undead,generic,N,3.0,2
TftYP,238.0,plant,generic,N,4.0,2
VGtM,163.0,celestial,legendary,L,12.0,4
MM,331.0,beast,generic,N,3.0,2
ToA,106.0,monstrosity,unique,L,8.0,3
TftYP,193.0,giant,unique,N,11.0,4
SKT,95.0,dragon,unique,LL,25.0,8
MM,347.0,humanoid,generic,N,3.0,2
GoS,239.0,humanoid,generic,N,2.0,2
VGtM,165.0,humanoid,generic,N,1.0,2
VGtM,167.0,humanoid,generic,N,1.0,2
IDRotF,297.0,undead,generic,N,3.0,2
VGtM,168.0,fey,generic,N,7.0,3
BGDiA,105.0,fiend,unique,L,25.0,8
MM,197.0,monstrosity,legendary,LL,23.0,7
VGtM,215.0,humanoid,generic,N,5.0,3
GoS,238.0,monstrosity,legendary,L,14.0,5
GGtR,214.0,humanoid,generic,N,4.0,2
BGDiA,110.0,humanoid,unique,N,6.0,3
MToF,212.0,monstrosity,generic,N,5.0,3
MToF,212.0,monstrosity,generic,N,2.0,2
MM,200.0,humanoid,generic,N,6.0,3
MM,198.0,humanoid,generic,N,3.0,2
MM,200.0,humanoid,generic,N,1.0,2
GoS,240.0,humanoid,unique,N,1.0,2
ERftLW,297.0,undead,unique,L,22.0,7
WDH,207.0,humanoid,unique,N,17.0,6
MM,201.0,monstrosity,generic,N,4.0,2
MOoT,235.0,fey,generic,N,3.0,2
HotDQ,91.0,humanoid,unique,N,4.0,2
WDotMM,313.0,humanoid,generic,N,3.0,2
GGtR,232.0,monstrosity,unique,L,17.0,6
MOoT,232.0,humanoid,generic,N,5.0,3
TftYP,239.0,monstrosity,generic,N,3.0,2
MToF,198.0,elemental,legendary,L,20.0,6
ToA,227.0,humanoid,unique,N,4.0,2
MM,202.0,undead,generic,N,21.0,7
GGtR,198.0,undead,legendary,L,14.0,5
TftYP,236.0,beast,generic,N,3.0,2
MM,331.0,beast,generic,N,1.0,2
IDRotF,298.0,construct,generic,N,4.0,2
IDRotF,299.0,construct,generic,N,8.0,3
ERftLW,298.0,construct,generic,N,1.0,2
ERftLW,299.0,construct,generic,N,7.0,3
GoS,241.0,construct,unique,N,5.0,3
ERftLW,299.0,construct,generic,N,5.0,3
MM,205.0,humanoid,generic,N,4.0,2
GoS,241.0,humanoid,generic,N,3.0,2
GoS,242.0,humanoid,generic,N,1.0,2
GoS,242.0,humanoid,generic,N,3.0,2
GGtR,170.0,construct,generic,N,1.0,2
GoS,243.0,humanoid,generic,N,2.0,2
CoS,233.0,humanoid,unique,N,10.0,4
WDotMM,96.0,construct,unique,N,2.0,2
SKT,241.0,elemental,legendary,L,23.0,7
MM,347.0,humanoid,generic,N,6.0,3
IDRotF,300.0,construct,generic,N,2.0,2
IDRotF,301.0,construct,generic,N,1.0,2
BGDiA,127.0,fiend,unique,N,14.0,5
TftYP,239.0,monstrosity,unique,N,10.0,4
MM,332.0,beast,generic,N,6.0,3
WDH,209.0,humanoid,unique,N,13.0,5
WDH,208.0,humanoid,unique,N,8.0,3
MM,213.0,monstrosity,generic,N,3.0,2
ToA,227.0,plant,generic,N,1.0,2
MM,61.0,fiend,generic,N,16.0,5
PotA,199.0,monstrosity,unique,LL,8.0,3
PotA,199.0,monstrosity,unique,L,8.0,3
VGtM,216.0,humanoid,generic,N,3.0,2
MToF,213.0,construct,legendary,L,25.0,8
BGDiA,234.0,humanoid,generic,N,4.0,2
VGtM,216.0,humanoid,generic,N,5.0,3
MToF,133.0,fiend,generic,N,7.0,3
VGtM,137.0,fiend,generic,N,1.0,2
GoS,244.0,monstrosity,unique,L,7.0,3
MM,214.0,monstrosity,generic,N,6.0,3
MOoT,206.0,monstrosity,generic,N,6.0,3
VGtM,170.0,fey,generic,N,2.0,2
MOoT,229.0,humanoid,generic,N,3.0,2
WDH,210.0,humanoid,unique,N,9.0,4
GoS,244.0,humanoid,generic,N,1.0,2
MToF,166.0,fiend,generic,N,4.0,2
MToF,249.0,fiend,generic,N,3.0,2
MM,219.0,monstrosity,generic,N,2.0,2
MM,313.0,fiend,generic,N,5.0,3
MM,220.0,monstrosity,generic,N,2.0,2
WDH,122.0,monstrosity,generic,N,3.0,2
GGtR,224.0,undead,generic,N,4.0,2
MM,222.0,aberration,generic,N,7.0,3
MM,222.0,aberration,generic,N,8.0,3
VGtM,172.0,undead,legendary,L,22.0,7
VGtM,71.0,aberration,generic,N,8.0,3
GGtR,233.0,humanoid,generic,N,5.0,3
VGtM,176.0,aberration,generic,N,5.0,3
MM,223.0,monstrosity,generic,N,3.0,2
GoS,245.0,construct,unique,N,6.0,3
PotA,198.0,humanoid,unique,N,6.0,3
WDH,211.0,humanoid,unique,N,9.0,4
MToF,176.0,fiend,unique,L,21.0,7
MToF,134.0,fiend,legendary,L,21.0,7
ERftLW,301.0,fiend,legendary,L,15.0,5
VGtM,178.0,aberration,generic,N,11.0,4
BGDiA,26.0,humanoid,unique,N,3.0,2
VGtM,149.0,giant,generic,N,6.0,3
GoS,246.0,aberration,unique,N,10.0,4
WDotMM,314.0,monstrosity,unique,L,13.0,5
MM,228.0,undead,generic,N,3.0,2
MM,229.0,undead,legendary,LL,15.0,5
MM,229.0,undead,legendary,L,15.0,5
MM,232.0,plant,generic,N,2.0,2
MToF,135.0,fiend,generic,N,15.0,5
RoT,90.0,undead,unique,N,11.0,4
MM,233.0,undead,generic,N,4.0,2
MM,234.0,monstrosity,generic,N,10.0,4
MM,234.0,monstrosity,generic,N,8.0,3
MToF,215.0,humanoid,generic,N,17.0,6
MOoT,236.0,fey,generic,N,2.0,2
MM,62.0,fiend,generic,N,13.0,5
OotA,,humanoid,unique,N,2.0,2
MToF,167.0,fiend,generic,N,13.0,5
IDRotF,276.0,undead,unique,N,6.0,3
VGtM,217.0,humanoid,generic,N,9.0,4
VGtM,180.0,aberration,generic,N,3.0,2
VGtM,180.0,aberration,generic,N,4.0,2
VGtM,181.0,aberration,generic,N,13.0,5
TftYP,240.0,fey,unique,N,2.0,2
RoT,91.0,humanoid,unique,N,9.0,4
MM,235.0,fiend,generic,N,3.0,2
MOoT,221.0,fiend,generic,N,11.0,4
MToF,216.0,undead,generic,N,20.0,6
WDH,212.0,construct,generic,N,4.0,2
BGDiA,170.0,humanoid,unique,N,5.0,3
GGtR,214.0,dragon,unique,L,26.0,8
MM,236.0,aberration,generic,N,2.0,2
MM,314.0,fiend,generic,N,9.0,4
MOoT,233.0,monstrosity,generic,N,1.0,2
BR,200.0,beast,generic,N,1.0,2
MToF,126.0,construct,generic,N,5.0,3
MToF,218.0,ooze,generic,N,5.0,3
MM,243.0,ooze,generic,N,2.0,2
MM,326.0,beast,generic,N,1.0,2
MM,237.0,giant,generic,N,2.0,2
MToF,220.0,giant,generic,N,4.0,2
MToF,220.0,giant,generic,N,2.0,2
MToF,221.0,giant,generic,N,3.0,2
MToF,221.0,giant,generic,N,2.0,2
PotA,216.0,elemental,unique,LL,20.0,6
MToF,251.0,fiend,generic,N,12.0,4
PotA,218.0,elemental,unique,LL,18.0,6
PotA,207.0,humanoid,generic,N,3.0,2
MM,239.0,giant,generic,N,7.0,3
TftYP,241.0,undead,unique,N,10.0,4
MOoT,238.0,humanoid,generic,N,4.0,2
VGtM,183.0,humanoid,generic,N,4.0,2
VGtM,183.0,humanoid,generic,N,2.0,2
MM,247.0,humanoid,generic,N,2.0,2
VGtM,184.0,humanoid,generic,N,2.0,2
VGtM,185.0,humanoid,generic,N,3.0,2
MM,246.0,humanoid,generic,N,4.0,2
OotA,245.0,fiend,unique,LL,26.0,8
MToF,153.0,fiend,unique,LL,26.0,8
MOoT,237.0,fey,generic,N,4.0,2
PotA,211.0,humanoid,unique,N,2.0,2
MM,247.0,humanoid,generic,N,2.0,2
MToF,169.0,fiend,generic,N,10.0,4
GGtR,202.0,giant,generic,N,6.0,3
WDotMM,96.0,dragon,unique,N,3.0,2
MM,248.0,aberration,generic,N,5.0,3
MM,249.0,monstrosity,generic,N,3.0,2
IDRotF,309.0,monstrosity,generic,N,3.0,2
MM,250.0,celestial,generic,N,2.0,2
MM,226.0,construct,generic,N,2.0,2
MM,251.0,monstrosity,generic,N,2.0,2
GoS,245.0,monstrosity,unique,L,11.0,4
CoS,235.0,undead,generic,N,3.0,2
HotDQ,91.0,humanoid,unique,N,3.0,2
MM,334.0,monstrosity,generic,N,3.0,2
MToF,199.0,elemental,legendary,L,16.0,5
MOoT,239.0,undead,generic,N,9.0,4
GoS,247.0,humanoid,generic,N,2.0,2
GoS,248.0,humanoid,generic,N,1.0,2
GoS,248.0,humanoid,generic,N,1.0,2
MM,77.0,fiend,generic,N,20.0,6
MM,80.0,beast,generic,N,2.0,2
WDotMM,127.0,elemental,generic,N,4.0,2
MM,279.0,undead,generic,N,2.0,2
MOoT,231.0,monstrosity,unique,L,19.0,6
GGtR,228.0,humanoid,generic,N,3.0,2
MM,348.0,humanoid,generic,N,2.0,2
IDRotF,160.0,humanoid,unique,N,1.0,2
ToA,229.0,monstrosity,generic,N,1.0,2
OotA,,humanoid,unique,N,4.0,2
MM,255.0,monstrosity,generic,N,15.0,5
PotA,113.0,monstrosity,generic,N,13.0,5
SKT,242.0,monstrosity,generic,N,2.0,2
MM,226.0,construct,generic,N,1.0,2
MM,256.0,humanoid,generic,N,2.0,2
MM,256.0,humanoid,generic,N,3.0,2
MM,63.0,fiend,generic,N,1.0,2
VGtM,140.0,beast,generic,N,2.0,2
VGtM,187.0,fey,generic,N,1.0,2
ERftLW,308.0,celestial,generic,N,11.0,4
CoS,237.0,humanoid,unique,N,10.0,4
ERftLW,303.0,fiend,unique,L,28.0,8
GGtR,247.0,fiend,unique,L,24.0,7
GGtR,248.0,humanoid,generic,N,2.0,2
GGtR,248.0,humanoid,generic,N,1.0,2
MM,257.0,fiend,generic,N,13.0,5
ERftLW,309.0,fiend,generic,N,5.0,3
ToA,230.0,monstrosity,unique,N,7.0,3
HotDQ,92.0,humanoid,unique,N,6.0,3
PotA,201.0,humanoid,generic,N,5.0,3
BGDiA,233.0,humanoid,generic,N,2.0,2
GGtR,231.0,humanoid,generic,N,4.0,2
MM,98.0,dragon,generic,N,4.0,2
MM,98.0,dragon,legendary,L,17.0,6
MM,97.0,dragon,legendary,LL,24.0,7
MM,98.0,dragon,generic,N,10.0,4
MM,85.0,dragon,generic,N,13.0,5
VGtM,188.0,fey,generic,N,3.0,2
WDH,214.0,humanoid,unique,N,9.0,4
MM,258.0,monstrosity,generic,N,11.0,4
MM,258.0,monstrosity,generic,N,5.0,3
MToF,222.0,construct,generic,N,14.0,5
MOoT,240.0,undead,generic,N,4.0,2
MOoT,241.0,undead,generic,N,4.0,2
MOoT,241.0,undead,generic,N,1.0,2
MM,259.0,undead,generic,N,5.0,3
HotDQ,93.0,humanoid,unique,L,7.0,3
MM,336.0,beast,generic,N,2.0,2
BGDiA,199.0,humanoid,unique,N,3.0,2
GoS,248.0,humanoid,generic,N,2.0,2
MM,260.0,monstrosity,generic,N,11.0,4
MM,261.0,monstrosity,generic,N,5.0,3
PotA,143.0,monstrosity,generic,N,11.0,4
MM,20.0,construct,generic,N,2.0,2
MToF,136.0,fiend,generic,N,2.0,2
WDH,215.0,humanoid,unique,N,3.0,2
CM,9.0,humanoid,generic,N,5.0,3
MM,264.0,humanoid,generic,N,5.0,3
GoS,249.0,humanoid,generic,N,6.0,3
GoS,249.0,humanoid,generic,N,3.0,2
GoS,249.0,humanoid,generic,N,1.0,2
GoS,250.0,humanoid,generic,N,4.0,2
GoS,250.0,beast,generic,N,3.0,2
GoS,251.0,humanoid,generic,N,5.0,3
MM,264.0,humanoid,generic,N,2.0,2
GoS,251.0,humanoid,generic,N,5.0,3
MM,266.0,elemental,generic,N,5.0,3
MM,265.0,elemental,generic,N,1.0,2
MToF,223.0,elemental,generic,N,9.0,4
GoS,252.0,humanoid,unique,N,1.0,2
MOoT,242.0,fey,generic,N,1.0,2
MOoT,243.0,fey,generic,N,2.0,2
WDotMM,315.0,construct,generic,N,8.0,3
MM,268.0,construct,generic,N,1.0,2
MM,327.0,beast,generic,N,3.0,2
TftYP,242.0,monstrosity,generic,N,5.0,3
VGtM,189.0,humanoid,generic,N,1.0,2
IDRotF,23.0,undead,unique,N,3.0,2
MOoT,229.0,humanoid,generic,N,4.0,2
RoT,92.0,humanoid,unique,L,11.0,4
WDotMM,316.0,undead,generic,N,9.0,4
MToF,225.0,humanoid,generic,N,7.0,3
MM,64.0,fiend,generic,N,4.0,2
VGtM,190.0,monstrosity,generic,N,2.0,2
VGtM,190.0,monstrosity,generic,N,2.0,2
MM,270.0,plant,generic,N,5.0,3
MM,135.0,beast,generic,N,5.0,3
MM,330.0,beast,generic,N,2.0,2
GoS,252.0,monstrosity,generic,N,2.0,2
CM,69.0,undead,unique,N,4.0,2
MM,271.0,construct,generic,N,7.0,3
PotA,208.0,humanoid,unique,N,4.0,2
WDotMM,174.0,construct,unique,N,14.0,5
VGtM,137.0,fiend,generic,N,8.0,3
MToF,137.0,fiend,legendary,L,18.0,6
MM,118.0,dragon,generic,N,2.0,2
MM,117.0,dragon,legendary,L,16.0,5
MM,116.0,dragon,legendary,LL,23.0,7
MM,118.0,dragon,generic,N,9.0,4
CoS,139.0,undead,unique,N,6.0,3
GGtR,197.0,fiend,generic,N,12.0,4
TftYP,243.0,fey,generic,N,3.0,2
WDH,200.0,humanoid,generic,N,6.0,3
GoS,253.0,undead,generic,N,5.0,3
GoS,254.0,undead,generic,N,2.0,2
TftYP,236.0,undead,generic,N,7.0,3
MM,273.0,undead,generic,N,2.0,2
GGtR,205.0,aberration,generic,N,15.0,5
CM,136.0,construct,generic,N,5.0,3
BGDiA,234.0,humanoid,generic,N,1.0,2
MToF,230.0,undead,legendary,L,15.0,5
GoS,254.0,aberration,generic,N,5.0,3
GGtR,219.0,monstrosity,generic,N,2.0,2
GGtR,220.0,monstrosity,generic,N,13.0,5
PotA,191.0,humanoid,generic,N,3.0,2
MM,276.0,aberration,generic,N,7.0,3
MM,278.0,aberration,generic,N,10.0,4
MM,277.0,aberration,generic,N,9.0,4
MM,277.0,aberration,generic,N,8.0,3
MM,276.0,aberration,generic,N,5.0,3
SKT,224.0,monstrosity,unique,LL,25.0,8
VGtM,191.0,ooze,generic,N,3.0,2
BGDiA,133.0,fey,unique,N,7.0,3
ToA,222.0,beast,generic,N,3.0,2
TftYP,102.0,humanoid,unique,N,5.0,3
IDRotF,308.0,construct,generic,N,3.0,2
TftYP,53.0,humanoid,unique,N,2.0,2
MM,18.0,celestial,legendary,L,21.0,7
MToF,226.0,humanoid,generic,N,11.0,4
VGtM,192.0,undead,generic,N,5.0,3
MM,30.0,aberration,generic,N,3.0,2
MM,279.0,undead,generic,N,1.0,2
IDRotF,309.0,beast,generic,N,8.0,3
GGtR,183.0,monstrosity,legendary,L,11.0,4
MM,281.0,monstrosity,legendary,LL,17.0,6
MM,282.0,monstrosity,legendary,LL,11.0,4
MM,328.0,beast,generic,N,1.0,2
IDRotF,302.0,monstrosity,generic,N,5.0,3
OotA,228.0,plant,generic,N,4.0,2
OotA,229.0,plant,generic,N,3.0,2
MM,230.0,plant,generic,N,1.0,2
MToF,234.0,aberration,generic,N,10.0,4
MToF,235.0,aberration,legendary,L,16.0,5
MToF,236.0,aberration,generic,N,5.0,3
MToF,236.0,aberration,generic,N,13.0,5
WDotMM,142.0,construct,unique,N,11.0,4
OotA,,monstrosity,generic,N,1.0,2
CM,164.0,humanoid,unique,N,8.0,3
MToF,239.0,construct,generic,N,16.0,5
VGtM,140.0,beast,generic,N,4.0,2
MToF,126.0,construct,generic,N,4.0,2
MM,156.0,giant,generic,N,7.0,3
VGtM,150.0,giant,generic,N,10.0,4
SKT,146.0,giant,generic,N,7.0,3
MM,170.0,construct,generic,N,10.0,4
ToA,231.0,construct,unique,N,12.0,4
PotA,197.0,humanoid,generic,N,4.0,2
MM,156.0,giant,generic,N,13.0,5
VGtM,151.0,giant,legendary,LL,16.0,5
CoS,239.0,undead,unique,LL,15.0,5
CoS,227.0,construct,unique,N,6.0,3
VGtM,143.0,monstrosity,generic,N,1.0,2
ToA,232.0,monstrosity,generic,N,1.0,2
MM,285.0,fiend,generic,N,4.0,2
ERftLW,304.0,fiend,unique,L,28.0,8
VGtM,133.0,beast,generic,N,5.0,3
VGtM,217.0,humanoid,generic,N,3.0,2
MToF,241.0,undead,generic,N,8.0,3
MToF,241.0,undead,generic,N,3.0,2
ToA,232.0,humanoid,generic,N,1.0,2
HotDQ,93.0,humanoid,unique,N,5.0,3
VGtM,186.0,fiend,generic,N,5.0,3
ERftLW,319.0,humanoid,generic,N,2.0,2
MM,286.0,monstrosity,unique,L,30.0,9
TftYP,244.0,undead,unique,L,13.0,5
WDH,200.0,humanoid,unique,N,9.0,4
TftYP,245.0,monstrosity,unique,N,4.0,2
TftYP,245.0,humanoid,generic,N,2.0,2
TftYP,246.0,humanoid,generic,N,2.0,2
MToF,231.0,monstrosity,generic,N,13.0,5
MToF,232.0,monstrosity,generic,N,11.0,4
TftYP,173.0,giant,generic,N,7.0,3
MToF,232.0,monstrosity,generic,N,9.0,4
MToF,233.0,monstrosity,generic,N,7.0,3
VGtM,197.0,plant,generic,N,1.0,2
GGtR,233.0,humanoid,generic,N,1.0,2
GoS,256.0,monstrosity,unique,L,6.0,3
MM,288.0,humanoid,generic,N,1.0,2
SKT,99.0,undead,generic,N,3.0,2
PotA,192.0,humanoid,unique,N,3.0,2
RoT,92.0,fiend,unique,L,30.0,9
FToD,166.0,dragon,unique,L,30.0,9
MToF,178.0,fiend,unique,L,16.0,5
VGtM,193.0,monstrosity,generic,N,5.0,3
MM,329.0,beast,generic,N,1.0,2
IDRotF,310.0,construct,generic,N,10.0,4
MOoT,254.0,monstrosity,unique,L,26.0,8
BGDiA,112.0,monstrosity,unique,N,11.0,4
MToF,242.0,humanoid,generic,N,2.0,2
VGtM,218.0,humanoid,generic,N,5.0,3
VGtM,194.0,monstrosity,generic,N,3.0,2
MM,289.0,plant,generic,N,9.0,4
MM,80.0,beast,generic,N,5.0,3
MOoT,245.0,humanoid,generic,N,8.0,3
MOoT,244.0,humanoid,generic,N,2.0,2
WDotMM,294.0,construct,unique,N,22.0,7
OotA,229.0,humanoid,generic,N,3.0,2
MM,291.0,giant,generic,N,5.0,3
MToF,243.0,giant,generic,N,13.0,5
WDotMM,154.0,giant,generic,N,8.0,3
HotDQ,65.0,giant,generic,N,6.0,3
IDRotF,295.0,giant,generic,N,8.0,3
MToF,244.0,giant,generic,N,9.0,4
MToF,244.0,giant,generic,N,11.0,4
MToF,245.0,giant,generic,N,7.0,3
GGtR,252.0,fey,unique,L,18.0,6
ERftLW,307.0,aberration,generic,N,7.0,3
SKT,107.0,plant,unique,N,9.0,4
MOoT,215.0,monstrosity,generic,N,2.0,2
MOoT,246.0,monstrosity,generic,N,15.0,5
MM,80.0,beast,generic,N,8.0,3
BGDiA,70.0,humanoid,unique,N,5.0,3
VGtM,175.0,aberration,generic,N,9.0,4
MM,314.0,fiend,generic,N,13.0,5
MM,292.0,monstrosity,generic,N,5.0,3
GGtR,222.0,monstrosity,generic,N,6.0,3
MOoT,215.0,monstrosity,generic,N,6.0,3
ERftLW,311.0,undead,generic,N,2.0,2
SKT,243.0,humanoid,generic,N,2.0,2
WDH,217.0,humanoid,unique,N,13.0,5
MM,297.0,undead,legendary,L,13.0,5
MM,298.0,undead,generic,N,5.0,3
MM,298.0,undead,legendary,L,15.0,5
MM,298.0,undead,legendary,L,15.0,5
GGtR,223.0,undead,generic,N,8.0,3
GoS,256.0,construct,unique,L,8.0,3
MToF,247.0,undead,generic,N,3.0,2
TftYP,247.0,undead,generic,N,3.0,2
PotA,203.0,humanoid,unique,LL,9.0,4
PotA,203.0,humanoid,unique,L,9.0,4
VGtM,194.0,fiend,generic,N,1.0,2
VGtM,197.0,plant,generic,N,2.0,2
IDRotF,273.0,humanoid,unique,N,4.0,2
IDRotF,311.0,giant,generic,N,5.0,3
IDRotF,311.0,giant,generic,N,4.0,2
MM,350.0,humanoid,generic,N,3.0,2
WDH,218.0,humanoid,unique,N,10.0,4
CoS,241.0,undead,unique,N,7.0,3
MM,64.0,fiend,generic,N,6.0,3
MM,329.0,beast,generic,N,1.0,2
WDH,219.0,construct,generic,N,18.0,6
IDRotF,312.0,beast,generic,N,4.0,2
VGtM,218.0,humanoid,generic,N,9.0,4
ERftLW,314.0,construct,legendary,L,25.0,8
ERftLW,320.0,humanoid,generic,N,1.0,2
ERftLW,315.0,construct,generic,N,8.0,3
ERftLW,300.0,humanoid,unique,L,18.0,6
VGtM,219.0,humanoid,generic,N,7.0,3
VGtM,220.0,humanoid,generic,N,6.0,3
VGtM,220.0,humanoid,legendary,L,12.0,4
MToF,139.0,fiend,generic,N,13.0,5
MM,125.0,elemental,generic,N,5.0,3
PotA,213.0,elemental,generic,N,7.0,3
MM,299.0,elemental,generic,N,3.0,2
WDotMM,317.0,humanoid,generic,N,2.0,2
MM,208.0,humanoid,generic,N,5.0,3
MM,209.0,humanoid,generic,N,4.0,2
MM,209.0,humanoid,generic,N,2.0,2
CoS,242.0,humanoid,generic,N,2.0,2
MM,210.0,humanoid,generic,N,4.0,2
MM,211.0,humanoid,generic,N,3.0,2
MM,102.0,dragon,generic,N,2.0,2
MM,101.0,dragon,legendary,L,13.0,5
MM,100.0,dragon,legendary,LL,20.0,6
MM,101.0,dragon,generic,N,6.0,3
TftYP,248.0,ooze,unique,N,10.0,4
PotA,211.0,humanoid,unique,N,2.0,2
MM,300.0,undead,generic,N,3.0,2
MM,301.0,undead,generic,N,2.0,2
PotA,192.0,humanoid,unique,N,3.0,2
MOoT,214.0,celestial,generic,N,4.0,2
MOoT,214.0,celestial,generic,N,4.0,2
GGtR,248.0,humanoid,generic,N,7.0,3
MOoT,247.0,aberration,generic,N,7.0,3
MM,321.0,beast,generic,N,1.0,2
MM,340.0,monstrosity,generic,N,3.0,2
VGtM,198.0,plant,generic,N,5.0,3
GGtR,225.0,monstrosity,generic,N,14.0,5
MM,303.0,dragon,generic,N,6.0,3
ToA,236.0,humanoid,unique,N,7.0,3
IDRotF,287.0,humanoid,unique,N,5.0,3
MM,304.0,elemental,generic,N,5.0,3
VGtM,200.0,humanoid,generic,N,1.0,2
MToF,252.0,fiend,generic,N,11.0,4
SKT,245.0,monstrosity,generic,N,4.0,2
SKT,244.0,monstrosity,generic,N,3.0,2
PotA,220.0,elemental,unique,LL,18.0,6
OotA,247.0,fiend,unique,LL,24.0,7
MToF,155.0,fiend,unique,LL,24.0,7
ToA,237.0,plant,generic,N,2.0,2
OotA,,monstrosity,unique,L,4.0,2
VGtM,201.0,fey,generic,N,4.0,2
MM,305.0,monstrosity,generic,N,3.0,2
MM,306.0,monstrosity,generic,N,9.0,4
MM,65.0,fiend,generic,N,10.0,4
IDRotF,163.0,monstrosity,generic,N,1.0,2
MM,308.0,monstrosity,generic,N,7.0,3
VGtM,202.0,monstrosity,generic,N,12.0,4
VGtM,203.0,humanoid,generic,N,2.0,2
MM,309.0,monstrosity,generic,N,3.0,2
VGtM,96.0,monstrosity,generic,N,3.0,2
VGtM,96.0,monstrosity,generic,N,3.0,2
VGtM,204.0,monstrosity,generic,N,4.0,2
VGtM,205.0,monstrosity,generic,N,4.0,2
VGtM,206.0,monstrosity,generic,N,5.0,3
MM,310.0,humanoid,generic,N,1.0,2
TftYP,248.0,humanoid,unique,N,1.0,2
MToF,201.0,elemental,legendary,L,22.0,7
MToF,180.0,fiend,unique,LL,26.0,8
GGtR,255.0,humanoid,unique,L,16.0,5
SKT,33.0,giant,unique,N,13.0,5
ToA,239.0,humanoid,unique,N,8.0,3
WDH,201.0,humanoid,unique,N,8.0,3
MM,316.0,undead,generic,N,5.0,3
TftYP,237.0,undead,generic,N,5.0,3
MM,316.0,undead,generic,N,2.0,2
CoS,241.0,undead,generic,N,1.0,2
ToA,241.0,undead,generic,N,8.0,3
MToF,157.0,fiend,unique,LL,23.0,7
OotA,249.0,fiend,unique,LL,23.0,7
